href;firstName;lastName;rank_score;rank_score
0d8011111be000b2;Sean;Strickland;324836.8;1
e5549c82bfb5582d;Alex;Pereira;304778.82;2
1338e2c7480bdf9e;Israel;Adesanya;279708.88;3
399afbabc02376b5;Tom;Aspinall;223494.03;4
787bb1f087ccff8a;Ciryl;Gane;203582.22;5
f14cf73e51b29254;Sergei;Pavlovich;203293.99;6
07f72a2a7591b409;Jon;Jones;186884.83;7
8d03ce87ca14e778;Francis;Ngannou;185825.99;8
275aca31f61ba28c;Islam;Makhachev;136094.49;9
f1fac969a1d70b08;Leon;Edwards;120234.4;10
279566840aa55bf2;Alexander;Volkov;102769.95;11
13a0275fa13c4d26;Jared;Cannonier;93816.79;12
0d7b51c9d2649a6e;Dricus;Du Plessis;92809.01;13
07225ba28ae309b6;Charles;Oliveira;92583.84;14
5444c5a201d3ee5a;Jamahal;Hill;88357.9;15
009341ed974bad72;Jiri;Prochazka;83311.06;16
b1b0729d27936f2f;Belal;Muhammad;62531.69;17
767755fd74662dbf;Khamzat;Chimaev;61551.55;18
7ff97850e8c32bda;Glover;Teixeira;61218.8;19
fa6796c55d6c5440;Curtis;Blaydes;57472.83;20
41e83a89929d1327;Jailton;Almeida;57301.4;21
c62fbc117d57b943;Tai;Tuivasa;56985.33;22
9e8f6c728eb01124;Justin;Gaethje;56598.7;23
e2f6b2769aaedd6c;Serghei;Spivac;50738.19;24
e1147d3d2dabe1ce;Robert;Whittaker;50200.16;25
99df7d0a2a08a8a8;Jan;Blachowicz;41423.46;26
7acbb0972e75281a;Marvin;Vettori;32923.32;27
f1b2aa7853d1ed6e;Kamaru;Usman;32235.61;28
d3df1add9d9a7efb;Derrick;Lewis;30512.4;29
029eaff01e6bb8f0;Dustin;Poirier;29013.84;30
01afe0916a40c7c5;Shavkat;Rakhmonov;28459.15;31
2f181c0467965b98;Brendan;Allen;23008.21;32
b997be68943010fc;Geoff;Neal;20648.58;33
23024fdfc966410a;Gilbert;Burns;20495.15;34
72db2a14ffa73ece;Mateusz;Gamrot;19761.4;35
6b453bc35a823c3f;Jack;Della Maddalena;19495.02;36
08af939f41b5a57b;Beneil;Dariush;19386.47;37
e1248941344b3288;Alexander;Volkanovski;17075.81;38
2cd428e9606856fd;Jairzinho;Rozenstruik;16989.47;39
442c9011034ae1fd;Ian;Garry;16952.95;40
3a46b268013afede;Kevin;Holland;16631.19;41
d28dee5c705991df;Stipe;Miocic;16558.01;42
150ff4cc642270b9;Max;Holloway;16302.78;43
6d4b63c767106d3a;Vicente;Luque;15536.67;44
b1a3e0aca758b322;Derek;Brunson;15184.67;45
b50a426a33da0012;Sean;O'Malley;14124.2;46
327d5f279895110d;Roman;Dolidze;14059.12;47
032cc3922d871c7f;Khabib;Nurmagomedov;11947.36;48
dc9572dd6ec74859;Colby;Covington;11002.09;49
040a74bb0a465c54;Arnold;Allen;10661.99;50
4b93a88f3b1de35b;Michael;Chandler;10521.31;51
84b3e7d38f2d2ec5;Neil;Magny;10027.87;52
45f7cb591c3ab00b;Sean;Brady;9256.45;53
eabf206b162b3b83;Paul;Craig;8927.3;54
c814b4c899793af6;Rafael;Fiziev;8773.7;55
c03520b5c88ed6b4;Merab;Dvalishvili;8671.05;56
4a28cb716c19157a;Stephen;Thompson;8632.4;57
cb696ebfb6598724;Aljamain;Sterling;8510.82;58
65f09bacd3957381;Cory;Sandhagen;8092.74;59
54f64b5e283b0ce7;Ilia;Topuria;7843.34;60
886264a0c9f4ea5e;Andre;Muniz;7456.22;61
cbf5e6f231b55443;Yair;Rodriguez;7308.75;62
b9437600497350f3;Joaquin;Buckley;7280.0;63
a0f0004aadf10b71;Alexandre;Pantoja;6914.07;64
6d1bffff14897645;Santiago;Ponzinibbio;6584.57;65
cdb96af67d096b1e;Alex;Morono;6127.43;66
0a1942069c9ad6b6;Jack;Hermansson;6063.58;67
c2299ec916bc7c56;Benoit;Saint Denis;5956.02;68
792be9a24df82ed6;Brandon;Moreno;5893.67;69
fba03cd6cc28dc41;Josh;Emmett;5595.77;70
8a1f3b5c526cd6e6;Daniel;Rodriguez;5207.82;71
d802174b0c0c1f4e;Magomed;Ankalaev;4944.85;72
749f572d1d3161fb;Khalil;Rountree Jr.;4932.91;73
c32aeb1a59e6272d;Michael;Morales;4398.85;74
dccb63727f2f5f74;Matt;Frevola;4342.52;75
7c7332319c14094c;Marlon;Vera;4277.46;76
84ff027394f7e470;Gregor;Gillespie;4115.86;77
0c6d9ea8306c029e;Brad;Tavares;4104.96;78
519e4fe37ce9ff75;Drew;Dober;3792.76;79
193b9d1858bc4df3;Dan;Hooker;3611.07;80
06734ca9d88dec3a;Shara;Magomedov;3433.28;81
12ebd7d157e91701;Bruno;Silva;3427.67;82
8355922d564b152c;Nate;Diaz;3414.87;83
887961364be5ceb3;Bobby;Green;3352.87;84
c21f26bbde777573;Johnny;Walker;3249.1;85
d0aaedcf7ccd0b45;Chris;Daukaus;3188.99;86
b0d6a1d8ac3d563d;Max;Griffin;3127.83;87
9abc648e76c4493a;Bill;Algeo;3108.4;88
1091d4d957141094;Nikita;Krylov;3015.67;89
881bf86d4cba8578;Nassourdine;Imavov;2986.36;90
262a7d06203657e6;Alexander;Hernandez;2946.31;91
b6452706b373eea1;Renato;Moicano;2925.5;92
6a2f7c151031653d;Rafael;Dos Anjos;2845.02;93
595db60957de51d3;Michel;Pereira;2828.71;94
8c0580d4fff106c1;Kelvin;Gastelum;2771.0;95
d661ce4da776fc20;Petr;Yan;2745.99;96
d4c9dcd330403612;Anthony;Smith;2689.12;97
c58f51dedb310998;Michael;Chiesa;2670.15;98
d1941565abf50b16;Jim;Miller;2637.73;99
d0f3959b4a9747e6;Jose;Aldo;2527.6;100
aa72b0f831d0bfe5;Deiveson;Figueiredo;2482.27;101
eae48ff31db420c2;Arman;Tsarukyan;2444.86;102
1ebe20ebbfa15e29;Zhang;Weili;2417.62;103
65578a75fa7900e3;Uriah;Hall;2381.67;104
c9cf753cfdf77fc2;Marcin;Tybura;2317.68;105
9560ff14eb3129f7;Giga;Chikadze;2310.18;106
4d8fa64202cee4c1;Jalin;Turner;2290.28;107
58bbef3770bb2dfc;Joel;Alvarez;2264.83;108
9d19d9e4aa2662e8;Nicolas;Dalby;2254.74;109
d9c6f19f958643e9;Bryce;Mitchell;2246.99;110
b4ad3a06ee4d660c;Alistair;Overeem;2241.74;111
c849740a3ff51931;TJ;Dillashaw;2186.83;112
4b47e71384a9522f;Tim;Means;2161.64;113
e64b96c07d7ce999;Li;Jingliang;2150.88;114
cbb682f5fcc44bfc;Anthony;Pettis;2142.6;115
c6aee362c7a7d482;Randy;Brown;1944.33;116
76e2870ffafbe38f;Movsar;Evloev;1793.91;117
751de04455cfaac0;Calvin;Kattar;1704.21;118
333b9e5c723ac873;Aleksandar;Rakic;1642.68;119
34ff304266360297;Manon;Fiorot;1632.13;120
d31a5546c0e9b213;Rodrigo;Nascimento;1615.81;121
7aa3d6964eff4877;Alex;Caceres;1518.68;122
efb96bf3e9ada36f;Song;Yadong;1481.14;123
d910665038efc639;Carla;Esparza;1460.78;124
c451d67c09c55418;Chan Sung;Jung;1453.84;125
64a50dad704d1d49;Edson;Barboza;1451.26;126
37ed1ab2f8b819f4;Brad;Riddell;1429.91;127
82a5152216251682;Dan;Ige;1424.57;128
285ae0b4a68221f4;JunYong;Park;1403.71;129
d945aae53e3e54e6;Thiago;Moises;1289.47;130
e8b731feff72294b;Alexa;Grasso;1256.42;131
e9a3aeb207578eea;Ilir;Latifi;1252.18;132
a53d30163304aa6e;Carlston;Harris;1230.18;133
a67f5afa8d6a1b80;Ryan;Spann;1217.15;134
e4277e87a789d687;Dustin;Jacoby;1210.37;135
e90a2f22417af68e;Azamat;Murzakanov;1192.8;136
447f9858ae78f921;Muslim;Salikhov;1165.09;137
3a8176e15b9887c1;Chris;Weidman;1111.86;138
8e9eb3fc86db0f7d;Marc-Andre;Barriault;1107.42;139
d66a46de8d705353;Jeremiah;Wells;1098.72;140
5442f1bc4b47eaf3;Chris;Curtis;1067.41;141
05339613bf8e9808;Rob;Font;1058.31;142
0845c81e37d3bcb3;Volkan;Oezdemir;1052.85;143
99bd51917728c25d;Grant;Dawson;1028.77;144
8e382b585a92affe;Phil;Rowe;1017.06;145
4e06913c91da5200;Krzysztof;Jotko;974.17;146
6d35bf94f7d30241;Amir;Albazi;963.6;147
aa171d55d4b5208f;Billy;Quarantillo;960.43;148
396fe87b84ac2e1c;Lerone;Murphy;924.36;149
47b63240018d5d86;Rose;Namajunas;878.29;150
dea070ed4a2a8281;Thiago;Santos;841.3;151
f4c49976c75c5ab2;Conor;McGregor;831.7;152
bf2c8e01b07d3eb1;Myktybek;Orolbai;826.53;153
7026eca45f65377b;Jared;Gordon;823.51;154
53c943c873cffe90;Philipe;Lins;822.71;155
681399317dbf4701;Uros;Medic;820.84;156
669970f7feba8ecd;Erin;Blanchfield;813.35;157
6751eacd16bd59bc;Josh;Culibao;797.89;158
f53d4f21d1b5f2dc;Diego;Ferreira;779.15;159
853eb0dd5c0e2149;Kai;Kara-France;775.29;160
cad24459b28592ca;Eryk;Anders;774.33;161
6bd02119599741a4;Pedro;Munhoz;768.24;162
31f8081c7600da93;Kyle;Nelson;765.76;163
5bf31a46becc1204;Michael;Trizano;760.13;164
10f3ba6cd2f44a97;Dominick;Cruz;758.93;165
5f61780fe5e9b6d0;Andre;Petroski;758.84;166
94426bb170c88115;Sodiq;Yusuff;751.19;167
8d11d9c13e2ccdf7;Muhammad;Naimov;726.76;168
4aa58269d0664b5b;Matthew;Semelsberger;723.09;169
d2f43cfaf8ca3560;Fernando;Padilla;716.07;170
f2477cf43c4975cc;Jonathan;Martinez;696.91;171
132deb59abae64b1;Valentina;Shevchenko;651.63;172
80fa8218c99f9c58;Amanda;Nunes;629.38;173
e132d47bd9efbbe0;Rafa;Garcia;628.65;174
a845f0735bc67405;Jake;Matthews;627.87;175
c41d426cc7326d1b;Yan;Xiaonan;625.88;176
329e403448756217;Nathaniel;Wood;618.45;177
2558ae2e5671e318;Khaos;Williams;606.42;178
902ec2cc48c8ae8a;Julian;Erosa;557.77;179
6a1901c62ab3870f;Jessica;Andrade;547.75;180
6a740daf1b279661;Maycee;Barber;544.14;181
ab943cd2c3c17825;Marcos;Rogerio de Lima;542.96;182
7826923b47f8d72a;Paddy;Pimblett;541.62;183
c47df9303d318c67;Clay;Guida;538.73;184
3df5493bb279226f;Amanda;Lemos;537.86;185
33efaf2d0941cfcf;Andre;Fialho;532.93;186
c0badf3243907e59;Alexandr;Romanov;506.86;187
f2925e6db404bf1d;Robbie;Lawler;503.26;188
4126a78111c0855a;Caio;Borralho;502.72;189
98d961097baaf308;Shane;Burgos;501.93;190
d1c65d2cf2925ddd;Gregory;Rodrigues;499.01;191
441eacbe20e0e80b;Augusto;Sakai;495.63;192
a68575214ecad140;SeungWoo;Choi;492.78;193
9014c02eff8b3d62;Carlos;Ulberg;480.64;194
36541f1e6c5d4955;Viviane;Araujo;465.32;195
7dda2cf308f24a02;Virna;Jandiroba;453.32;196
45f0cc9d18f35137;Chris;Gutierrez;447.27;197
50db8711c70196cd;Ovince;Saint Preux;446.48;198
093e1f5bb73850be;Anthony;Hernandez;431.41;199
da0995f19b749cfa;Mark;Madsen;426.1;200
98c23cb6da5b3352;Aleksei;Oleinik;424.41;201
c1085e1701b13eca;Joe;Pyfer;412.1;202
29af297d9f1de0f8;Damon;Jackson;407.04;203
f1d64ae34e088832;Charles;Jourdain;406.8;204
1788eee370f077b7;Blagoy;Ivanov;405.46;205
fd55393021a8c255;Gunnar;Nelson;402.55;206
b08012bbe542592a;Tatiana;Suarez;397.29;207
2f6a993c7f547c13;Sergey;Morozov;382.75;208
0d65c432720accb9;Michal;Oleksiejczuk;370.63;209
b1d19449397541dc;Askar;Askarov;366.12;210
d747eb273a40a920;Claudio;Puelles;366.01;211
260bd4cef10b033f;Ihor;Potieria;364.02;212
a93f94c923c3a9cb;Christian Leroy;Duncan;362.47;213
4dcfb28c011c11b2;Wellington;Turman;359.06;214
9d83f6da776ff7d6;Roman;Kopylov;351.87;215
def8166ff24bd237;Brian;Ortega;350.21;216
791c8437b341fba5;Joanderson;Brito;344.71;217
a495f599e787614f;Alonzo;Menifield;336.86;218
8f765fd5775a8873;Rinat;Fakhretdinov;333.14;219
cd2c4d30c6e13b47;Marina;Rodriguez;331.73;220
e872e9a9a902c045;Katlyn;Chookagian;331.33;221
beecb672a279223e;Amanda;Ribas;330.77;222
0112352cb32f5026;Denis;Tiuliulin;329.61;223
16690d100f995f8f;Omari;Akhmedov;327.15;224
8667caa0451d245b;Kennedy;Nzechukwu;320.24;225
35673bf5204524ee;Bo;Nickal;316.99;226
fc169c387b4b465d;Raquel;Pennington;304.69;227
97cf1a2c7c5e7889;Steve;Garcia;304.5;228
492b202d2064e7a9;Fabricio;Werdum;303.89;229
8e5d953bdb9ae5e7;Loopy;Godinez;302.9;230
3253b16d38ae087d;Julianna;Pena;280.67;231
87c0b1c696ddfb43;Jonathan;Pearce;278.42;232
d247691a6c0e9034;Cub;Swanson;278.32;233
d6c0cdd7e467c440;Kyle;Daukaus;277.14;234
ca43de99b07b6b40;Josh;Fremd;276.73;235
b07aed698fba8624;Ikram;Aliskerov;270.09;236
ea7e5bc78d9de658;Makhmud;Muradov;267.19;237
8e1f36476ef02a6a;Jennifer;Maia;263.94;238
71171fc96445bf65;Vitor;Petrino;263.53;239
0fd5f4b838e890cc;Said;Nurmagomedov;260.16;240
4148802ae4a50768;Daniel;Zellhuber;255.77;241
0a73acff6325c1e2;Shayilan;Nuerdanbieke;254.67;242
01641ba5df0c69b0;Gabriel;Bonfim;254.39;243
d8da10db80131bec;Niko;Price;252.5;244
82b4e942781b1046;Raulian;Paiva;241.78;245
830f60497fab345a;Jamie;Pickett;233.76;246
92a9aa9c93192871;Darren;Elkins;231.74;247
2e585c701f72fe55;Ian;Heinisch;230.59;248
583ee11abddfc581;Nate;Landwehr;225.82;249
b9706f80d005036c;Ketlen;Vieira;221.6;250
6ac9bc2953c47345;Gerald;Meerschaert;221.03;251
a331233f597090a5;Bryan;Barberena;220.47;252
60425d07ef4b91a7;Kyler;Phillips;218.98;253
82d4c957649faf9b;Miguel;Baeza;214.08;254
511e82663651438d;Michael;Johnson;201.64;255
5987b2458f4b5290;Ricky;Simon;194.79;256
7447e9f28508106a;Mackenzie;Dern;192.0;257
547afe1017e72dbe;Phil;Hawes;187.36;258
af65aa688d13eedf;Joe;Solecki;185.16;259
6370c1c1e12723d5;Marcin;Prachnio;184.05;260
d25240135aee03e5;Tabatha;Ricci;180.55;261
f9f07bb5a43535ed;Carlos;Condit;179.68;262
49d2a08964c5eb11;Nursulton;Ruziboev;178.26;263
cd13728ae1151f46;Ion;Cutelaba;177.67;264
f2688492b9a525a3;Frankie;Edgar;175.87;265
140745cbbcb023ac;Mauricio;Rua;173.59;266
578ef12674df1e6a;Irene;Aldana;172.88;267
1a9480fc288e55d7;Don'Tale;Mayes;171.68;268
32c355b04fc57f3a;Marc;Diakiese;166.82;269
1e719d4b676dc19a;Brunno;Ferreira;164.6;270
68d4a891e5cf2029;Tracy;Cortez;162.85;271
f7467152fd9f18a2;Taila;Santos;160.83;272
f166e93d04a8c274;Diego;Lopes;149.0;273
6e15f63b6c2e2c15;Brandon;Royval;146.58;274
cc7040fe76f0ef91;Devin;Clark;143.17;275
c77a953488e5607d;Vinc;Pichel;141.47;276
262d32ebda89efc4;Natalia;Silva;137.27;277
d3f5d33d61cd00c9;Norma;Dumont;135.93;278
31dbfbe4e7a6727c;Trey;Waters;134.02;279
f626118b6da0e020;Bryan;Battle;130.18;280
2b6fc1c02736833d;Umar;Nurmagomedov;129.07;281
3738e68d2261e60f;Andrei;Arlovski;126.07;282
876f478f796495f7;Josh;Quinlan;122.65;283
9c907996820d2d69;Jimmie;Rivera;120.37;284
850266b3dc4e506e;Daniel;Marcos;116.88;285
a8283a4f415e1eb9;Francisco;Trinaldo;116.17;286
6551c64fbcd1a467;Ariane;Lipski;115.68;287
38c7f72747f4f712;Gillian;Robertson;114.99;288
b8bbdeff718dbb7d;Pat;Sabatini;114.94;289
f29a6350c69f4a33;Miranda;Maverick;113.61;290
04c8b08b16a5b99e;Tanner;Boser;113.56;291
d31cbcdd7d69536d;TJ;Brown;110.21;292
8866c6f509c19089;Ryan;Hall;109.27;293
a9e260472d321361;Jasmine;Jasudavicius;106.75;294
04835018f90b118c;Casey;O'Neill;105.72;295
38c626ca912c7bac;Damir;Hadzovic;102.58;296
b8a85389d115e35a;Jack;Shore;101.56;297
bc711b6dd95c1af6;Mario;Bautista;101.28;298
729d4bd5a6cd0a97;Lauren;Murphy;99.78;299
113df4fde64735c6;Davey;Grant;99.7;300
ab2b4ff41d6ebe0f;Alex;Perez;99.49;301
31123249b0bbf52e;Matt;Brown;96.81;302
05fa626cb33d15b8;Andrea;Lee;96.43;303
48a9a128784d53d1;Elves;Brener;94.4;304
f14f644d41ade29f;Cody;Brundage;94.15;305
9cdd2da1a9104a0b;Macy;Chiasson;88.52;306
f0feeb2192937424;Angela;Hill;86.77;307
1a31ef98efce7a79;Matheus;Nicolau;85.7;308
af9f42e6894047fc;Jamie;Mullarkey;84.04;309
b27a1fcb56a3035a;Trevin;Giles;83.88;310
5f3805dda9661cba;Jason;Witt;83.29;311
9d62c2d8ee151f08;Karine;Silva;82.48;312
950d0ef5c17157c5;Maxim;Grishin;80.95;313
91dac5e69e28d5b5;Pannie;Kianzad;80.56;314
3a314d9fa7c6825d;Douglas;Silva de Andrade;79.93;315
5b86d491d63890c5;Ludovit;Klein;77.71;316
8eb046f83e82bf26;Martin;Buday;77.09;317
fea79f9bc8c68769;Marlon;Moraes;75.53;318
6fd953151d981979;JJ;Aldrich;75.46;319
5fa2974cbd18e05c;John;Castaneda;73.02;320
361d49960a196976;Daniel;Pineda;72.41;321
a78a87d8c2bbb1cb;Julija;Stoliarenko;70.93;322
f9b200db02b488d9;Lando;Vannata;70.92;323
fd406a32a6fb3a29;Chris;Duncan;70.88;324
d4270315cbcf2569;Jacob;Malkoun;70.71;325
634e2fb70bde3fd5;Holly;Holm;70.56;326
7a5e8c94a86f9895;Chris;Barnett;69.45;327
2c9d00968f818270;Hakeem;Dawodu;69.31;328
d7c3816669784109;Karolina;Kowalkiewicz;69.28;329
351c4ec637380ad5;Karol;Rosa;69.12;330
34e516ab361afb1c;Darrick;Minner;68.58;331
cc1a8b4b38b92c6d;Montel;Jackson;67.85;332
a52bc1e62cf0b7c6;Melsik;Baghdasaryan;67.15;333
df1eb4354d18a906;Scott;Holtzman;66.37;334
5da33b8fbfa5ee95;William;Knight;65.72;335
75353550928a7921;Muhammad;Mokaev;65.52;336
d343df8ba11f4c4e;Nina;Nunes;60.36;337
369ea36e450ae62a;Armen;Petrosyan;59.11;338
1e4f273069fb9e85;Fares;Ziam;58.6;339
bd58d34e39b7b12a;Ben;Rothwell;57.64;340
46e0d677f91bacc0;Miles;Johns;56.5;341
0232cabbc30a2372;Adrian;Yanez;55.04;342
b4192a975027aab6;Maryna;Moroz;55.01;343
2975297f505e9447;Jonny;Parsons;54.85;344
eb8d8c2a95cfccb8;Victor;Henry;54.13;345
d317a5e2b3f88c5f;Warlley;Alves;53.94;346
cc8c623cca88f54f;Mayra;Bueno Silva;51.61;347
7f6ed67d3ed3c036;Cody;Durden;51.1;348
2c483cf443f38ece;Vanessa;Demopoulos;49.7;349
6b7c7460855dbbb9;Albert;Duraev;49.51;350
12f91bfa8f1f723b;Joanne;Wood;49.42;351
57b10fca4f9c9a7a;Alex;Oliveira;48.53;352
2f13e4020cea5b38;Raphael;Assuncao;47.81;353
7832f2f62f04178f;Tucker;Lutz;46.74;354
a7897d200692ab64;Kyung Ho;Kang;46.48;355
abcf2cc6efc42031;Iasmin;Lucindo;46.26;356
323d4ca260dfa0ba;Esteban;Ribovics;45.74;357
fc08099550072fe4;Waldo;Cortes-Acosta;43.61;358
d0e1b42d41dab603;Julian;Marquez;42.76;359
da7f113b5ea39c43;Mohammed;Usman;42.38;360
a6cba6bb66c1a8c9;Danny;Roberts;41.86;361
5ec591b78349ba7e;Christian;Rodriguez;41.64;362
51018a31ddf31eb2;Molly;McCann;40.8;363
85073dbd1be65ed9;Greg;Hardy;40.76;364
ff62013d2fce6d13;Nazim;Sadykhov;40.27;365
4c88a1db5a46c6a4;Jai;Herbert;40.17;366
bbab3baf66128ae2;Javid;Basharat;40.0;367
bd532e9a2b93870c;Melissa;Dixon;39.88;368
b67d6bacc68d4c92;Daniel;Santos;39.79;369
bf7ad5628363eec9;Cody;Stamann;39.66;370
c68c68efaa5ca6ef;Chidi;Njokuani;38.96;371
e7bba7ce4d6c7b07;Casey;Kenney;38.89;372
a2ea77e974c5889f;Carlos;Felipe;38.63;373
d8c7c61b176e3994;Cody;Garbrandt;38.56;374
5d1b7e3dd9e11074;Manel;Kape;38.51;375
eb393afdbe3293d5;Ismael;Bonfim;38.45;376
8c57c7b8c3bab0eb;Nicolae;Negumereanu;38.36;377
ec52462a1b41f714;Brett;Johns;38.34;378
aceffa19749c4dc0;Zubaira;Tukhugov;37.93;379
a08ddd04eaffd81d;Mariya;Agapova;37.6;380
40093d1d2d78394e;Charles;Rosa;37.39;381
971246648e162f0d;Chase;Hooper;37.05;382
523fa774700d7d3f;Court;McGee;36.11;383
809bd1a871491508;Terrance;McKinney;35.68;384
50a28b9f8314e008;Saidyokub;Kakhramonov;35.36;385
49ee5024966efc0d;Mounir;Lazzez;34.13;386
de45aaae23dfa392;Christos;Giagos;34.12;387
103e2e33a60683e1;Irina;Alekseeva;34.09;388
45e738622ea2c02c;Timur;Valiev;34.05;389
8adcbd525fab8d9b;Elizeu;Zaleski dos Santos;33.82;390
3920d0cc288f9b0d;Francisco;Prado;33.66;391
c7d7fda69ec410d3;Kamuela;Kirk;33.58;392
294aa73dbf37d281;Bruno;Silva;33.53;393
8d3273573b85be09;Assu;Almabayev;33.07;394
9673a497a9da119a;Polyana;Viana;32.86;395
7be74a12d7352df2;Sara;McMann;32.8;396
74f9448b97bf8bec;Da Woon;Jung;32.37;397
476fe566d2df676e;Modestas;Bukauskas;31.98;398
31ef8b67e13495b3;Tecia;Torres;31.97;399
a3a542074109b347;Luana;Pinheiro;31.84;400
ffe9703408fb5964;David;Onama;30.58;401
a4a80dd7336ffd59;Melissa;Gatto;30.26;402
4c2d90e335e6df19;Alexis;Davis;30.21;403
32ab52e5de93092d;Steve;Erceg;30.15;404
8fd808923cffff82;Andre;Fili;29.95;405
f00ac08ab056af5d;Tagir;Ulanbekov;29.91;406
7af33fc4435017f1;Brady;Hiestand;29.85;407
c96d9178c9ed9e62;Tim;Elliott;29.65;408
36b8f265bcd1b7a4;Abus;Magomedov;29.42;409
3351aa64aa83c4d9;Cory;McKenna;28.94;410
710f0f8c5d5c9d41;Lucas;Almeida;28.83;411
ac7c765882f2c68c;Elise;Reed;28.31;412
a0e6753c42698f13;Omar;Morales;28.15;413
ca28cdf526d6b6e9;Nurullo;Aliev;27.71;414
37098a6e6c27fb66;Vince;Morales;27.64;415
e4a47b07044ddd72;Ignacio;Bahamondes;27.51;416
90da09db03e41748;Sergey;Khandozhko;27.45;417
e13abac8089a801a;Justin;Tafa;26.63;418
92fa1401b7927da3;Jake;Collier;26.57;419
b1e5bcaad32a3cac;Priscila;Cachoeira;26.49;420
eae431e70064e046;Abdul;Razak Alhassan;26.46;421
d35f734c56a89103;Karl;Williams;26.45;422
3143bf892608139a;Yana;Santos;26.34;423
260e9e0d4954aea6;Rodolfo;Vieira;26.16;424
6d68c1afe954f121;Ode;Osbourne;26.02;425
4e6738062d469256;Sedriques;Dumas;26.0;426
7f1bf0c255ec8756;Azat;Maksum;25.43;427
af9efbfd63d39734;Chelsea;Chandler;25.42;428
5e6294b37bbef029;Stephanie;Egger;25.18;429
dd6103dd7127db1d;Mike;Malott;25.08;430
02f8fedc18cbd26c;Emily;Ducote;24.6;431
3c8a5200436e19f3;Cameron;Saaiman;24.59;432
e0c6edcb5b5d0b90;Chepe;Mariscal;24.25;433
f2b3f4ef3f780168;Nora;Cornolle;24.14;434
8f6a18831a120817;James;Krause;23.71;435
71505842fb6455c3;Dustin;Stoltzfus;23.53;436
67c1d46f4ed16f9e;Matt;Schnell;23.37;437
e375cb5caf4717b6;Piera;Rodriguez;23.32;438
4e30e4250cb08b61;Loma;Lookboonmee;22.95;439
2c5f5749569eef66;Tainara;Lisboa;22.33;440
1291edf2d566a71a;Julio;Arce;21.86;441
57186c150c645200;Jeka;Saragih;21.15;442
6e00cfffd54653c4;Tyson;Nam;21.08;443
6c9b66b43663f2f7;Viktoriia;Dudakova;20.75;444
b9f28e7045fdfce7;Raoni;Barcelos;20.21;445
029afd138865d20a;Rafael;Alves;20.2;446
c15fa95b9a12fde4;Junior;Tafa;20.08;447
98215d037be5bcb7;Cynthia;Calvillo;19.97;448
ee18ff42063174df;Ottman;Azaitar;19.81;449
6e9f40c706f91f32;Nate;Maness;19.77;450
866fd7b1a6c90e7f;Dusko;Todorovic;19.76;451
814ff3018127e8fc;Ricky;Glenn;19.7;452
24656ef4d605c96f;Aiemann;Zahabi;19.53;453
7be14eaed4c74856;Brian;Kelleher;19.25;454
60a42bf82447c919;Jake;Hadley;19.19;455
849c5d9979df5357;Mateusz;Rebecki;18.93;456
4ba8d454f762005d;Zak;Cummings;18.76;457
f9ab66e67240db7b;Joselyne;Edwards;18.49;458
94527830000ab715;Rani;Yahya;18.45;459
cffb87059e645bd1;Denise;Gomes;18.3;460
70e1f8a821b72c8b;Jimmy;Crute;18.13;461
d7338bcb141abd2c;Antonina;Shevchenko;17.96;462
0d5cc0170c1a7e71;Mick;Parkin;17.5;463
4461d7e47375a895;Tatsuro;Taira;17.3;464
01b352b6a9074d5c;Chase;Sherman;17.06;465
68d35296f566792b;Josiane;Nunes;17.05;466
da816417a579a0bd;Gavin;Tucker;17.0;467
19c591115a58982c;Viacheslav;Borshchev;16.98;468
12585614e0ed2626;Nick;Maximov;16.9;469
4498b382c65a7faa;Roxanne;Modafferi;16.78;470
64facb6cc564262d;Punahele;Soriano;16.7;471
83455a9d17f57dae;Rafael;Estevam;16.42;472
49e96ff8ab781589;Tyson;Pedro;16.37;473
e94085e821bd81de;Sam;Hughes;16.17;474
11583163f45c7b31;Lucas;Alexander;16.15;475
2e7878927067fdca;Manuel;Torres;16.07;476
068f8a189a47fea6;Maurice;Greene;15.64;477
4682bc59d5f55145;Sean;Woodson;15.43;478
e7e01e266a9d4342;Ronnie;Lawrence;15.42;479
7cbf7c78d3b34218;Drakkar;Klose;14.7;480
528b071cf3da7c56;Luana;Carolina;14.68;481
601964f9654f911a;Tony;Gravely;14.54;482
d7e40dca3ae125be;Diana;Belbita;14.5;483
20bccc9bb4ceb23e;Melquizael;Costa;14.38;484
e1d40e8782d80bc2;William;Gomis;14.3;485
ac40f7e3cbecdda4;Parker;Porter;13.56;486
b7b84ccd221be298;Nasrat;Haqparast;13.56;487
a09ed60aa67a3f67;Farid;Basharat;13.55;488
009c4420727149ea;AJ;Dobson;13.5;489
06e4245d16fc5315;Ailin;Perez;13.38;490
c0ac37a4a1133da9;Marcus;McGhee;13.36;491
436f970c9ea9169c;Gabriel;Benitez;12.76;492
1ae8f3c723aacff4;Ricardo;Ramos;12.75;493
d05412b513b19621;Guido;Cannetti;12.56;494
4959f10a62f3fec3;Cheyanne;Vlismas;12.49;495
814e5233e2acf2ee;Charles;Johnson;12.42;496
ac026518a9b4dc0f;Jordan;Leavitt;11.99;497
77d7295d1b22c694;Alessio;Di Chirico;11.92;498
3b0a516d2921e0d6;Batgerel;Danaa;11.81;499
4144798612ef96e5;Edmen;Shahbazyan;11.73;500
4a57ebb14315b251;Randa;Markos;11.7;501
e0b0cf71e0d69dd0;Kanako;Murata;11.45;502
99506df1af6c8b3b;John;Dodson;11.34;503
d2bc285ead803db0;Louis;Smolka;11.15;504
d05cb1e8d1b885d8;Jinh Yu;Frey;11.11;505
6c8072b61c276e67;Jessica-Rose;Clark;10.86;506
a9da3158dd2c2b5a;Jack;Jenkins;10.25;507
c0386644627a7ee5;Mana;Martinez;10.06;508
eb04b9d31e938edb;Michelle;Waterson-Gomez;10.05;509
da22387a0407a2dc;Da'Mon;Blackshear;10.0;510
70d2329a92864fdb;Sabina;Mazo;9.88;511
c742287ed86a09bc;Jessica;Penne;9.85;512
008ea710276c9606;Jeff;Molina;9.79;513
9ada30894bf04e19;David;Dvorak;9.75;514
fe2babf95de24fb1;Raul;Rosas Jr.;9.75;515
a57cb948c4c70a47;Isaac;Dulgarian;9.75;516
d80ee110748171ac;Mike;Breeden;9.75;517
e00a3dee329a51f7;Jamall;Emmers;9.72;518
4234f0097c83fa62;Sijara;Eubanks;9.7;519
077e3ace32b72be9;CJ;Vergara;9.53;520
56f7d7ee06be4aab;Zac;Pauga;9.52;521
5078e1dacf9d25f4;Luana;Santos;9.5;522
207773daeb4afa7b;Devonte;Smith;9.47;523
fb3e61720be4690c;Mike;Davis;9.37;524
1a08b01fdabb6ae2;Tony;Kelley;9.35;525
972c456ff38b2015;Claudio;Ribeiro;9.26;526
3d074044a33825e7;Ramiz;Brahimaj;9.07;527
f41b9f5efc7162d6;Jamal;Pogues;9.02;528
253076a23d03dcd0;Allan;Nascimento;8.8;529
d8c811df0386d5e8;Rinya;Nakamura;8.75;530
0bc697c5936a2d0a;Trevor;Peek;8.75;531
87a1dc546b1c5caf;Makwan;Amirkhani;8.71;532
80d8aed0ca9b00f3;Montana;De La Rosa;8.7;533
a7151778b3381036;Kurt;Holobaugh;8.69;534
84f727cf0166d6f2;Jose;Johnson;8.61;535
305d73ede05e31ad;Austin;Lingo;8.5;536
b12fb759e02378de;Gilbert;Urbina;8.36;537
4798e823ada58fe9;Veronica;Hardy;8.31;538
17e97649403ba428;Joshua;Van;8.28;539
568bbad0eaced57c;Shanna;Young;8.27;540
40cb680ae1cd331f;Yazmin;Jauregui;8.15;541
6aae253467e8f9ce;Tafon;Nchukwi;8.11;542
dc7927cd622676a7;Victor;Altamirano;8.05;543
b93c06d09d1c4ac0;Steven;Peterson;7.9;544
dee294e9717012c2;Malcolm;Gordon;7.76;545
26e3f3928b1891d9;Hannah;Goldy;7.68;546
2b68d9f125d07b42;Jared;Vanderaa;7.57;547
37d752ec41ed84bb;Maria;Oliveira;7.48;548
257b0c8d6f199895;Impa;Kasanganay;7.47;549
3fa97913cfd205d3;Alessandro;Costa;7.44;550
1497e735d9f2560a;Ange;Loosa;7.4;551
ec23c1be628d8057;Trevin;Jones;7.09;552
bc7d1ad49fcb2d08;Jaqueline;Amorim;7.07;553
a29db9cd4f9ccea5;Natan;Levy;6.9;554
de594b35c45c2e9a;Eduarda;Moura;6.78;555
12e0fdc606f7e274;Luis;Saldana;6.78;556
687c15b2eddfaa63;Danilo;Marques;6.76;557
ec34349e7dffcde7;Claudia;Gadelha;6.67;558
b96619b3acd7d9da;Miesha;Tate;6.56;559
5f179af5fffeb9f6;Cortney;Casey;6.54;560
dbac0a413af64bbe;Felipe;Colares;6.43;561
f6bcbd91b114ff58;Johnny;Munoz;6.34;562
60193e707634e560;Montserrat;Rendon;5.75;563
5dd180c8b3196786;Gloria;de Paula;5.58;564
40f3cb27fc7305a1;Themba;Gorimbo;5.52;565
5eb50529a8418b77;Gabe;Green;5.47;566
7debc13b36343605;Cristian;Quinonez;5.43;567
776d4262c4da38bf;Pete;Rodriguez;5.4;568
3cf66c62d9069f43;Lucie;Pudilova;5.38;569
cdadae5363b66eef;Francisco;Figueiredo;5.38;570
029e1293e609fd74;Abubakar;Nurmagomedov;5.34;571
c0d5c0c95c59050b;Ariane;Carnelossi;5.33;572
9b7dfb3b7d99926a;Vanessa;Melo;5.21;573
e99821959a840bb8;Lara;Procopio;5.15;574
6e743a33d56bdaa4;Payton;Talbott;5.0;575
b909a9a9688b5284;Gabriel;Miranda;5.0;576
5b03b61f9d90125e;Morgan;Charriere;5.0;577
fa07345cc9db5cc9;Billy;Goff;5.0;578
65adf3856c4d9256;Jafel;Filho;5.0;579
1effd880e1f1bb30;Garrett;Armfield;5.0;580
dda15dbfafb792df;Kevin;Jousset;5.0;581
b39f7a6c2be17ee8;Charlie;Campbell;5.0;582
c051c2e12d692b8a;Jesus;Aguilar;5.0;583
32490e80ddab1e5a;Song;Kenan;4.83;584
1d239d571e342453;Germaine;de Randamie;4.79;585
b5da8f7d05e85a55;Josh;Parisian;4.76;586
a01a62132460a98d;Adam;Fugitt;4.75;587
a72a2a769fa5a2be;Anshul;Jubli;4.75;588
b62d5280966b2460;Clayton;Carpenter;4.75;589
725b1abc9a39d873;AJ;Fletcher;4.75;590
b671bdf981ad527d;HyunSung;Park;4.75;591
5d495dec23d7c68e;Francis;Marshall;4.75;592
c739c2995a275314;Yanal;Ashmouz;4.75;593
102a8fdf8cbf7467;Kleydson;Rodrigues;4.75;594
798e48f9e7f6ba22;Carlos;Hernandez;4.72;595
122ac9b816d8b71c;Shana;Dobson;4.58;596
ae7fe94f117f98cf;Joaquim;Silva;4.5;597
147e70aa6cc48cfc;Tresean;Gore;4.5;598
4f3064faf17aa711;Tamires;Vidal;4.5;599
37f560436d745c18;Nikolas;Motta;4.5;600
aa0c573da7119292;Juliana;Miller;4.25;601
b4880ef2f838d4e1;Silvana;Gomez Juarez;4.25;602
78e501478a36a018;Khama;Worthy;4.19;603
06f36cf4bd97ec77;Ed;Herman;4.08;604
056c493bbd76a918;Henry;Cejudo;4.04;605
fccf811c1e8b01c7;Andrew;Sanchez;4.03;606
8614b7134913f5d5;Jarjis;Danho;4.0;607
7b433309b0fd12aa;Brad;Katona;4.0;608
971dba22c622af12;Josefine;Knutsson;4.0;609
f8f1ec513bcfef43;Alexander;Munoz;4.0;610
feedf3053472fe56;Charles;Radtke;4.0;611
7138a15258dabf20;Bruna;Brasil;4.0;612
8b1ed83b02303075;Taylor;Lapilus;4.0;613
59c438c81fbf3ece;Tereza;Bleda;4.0;614
d9a56ecb6e94f02e;Evan;Elder;4.0;615
e3964ece586e0635;Jacqueline;Cavalcanti;4.0;616
8d20d76af3f213ce;Joseph;Holmes;3.97;617
304a21d0595e1a08;Justin;Jaynes;3.91;618
39d91e95949de3d9;Felicia;Spencer;3.87;619
86d9dbe1bfcbade7;Julia;Avila;3.85;620
f2b6fdb20675b11c;Mike;Perry;3.82;621
96924b0019b3aff1;Gaston;Bolanos;3.8;622
5095b0920a3602aa;Blake;Bilder;3.8;623
e4ba58725825412d;Dan;Argueta;3.8;624
5c637af9472ae7cc;Jamey-Lyn;Horth;3.8;625
8c169fbe1ac33637;Loik;Radzhabov;3.8;626
7ab478c397cd68ef;Aliaskhab;Khizriev;3.73;627
c878270af633eb11;Jordan;Wright;3.62;628
cfc3e7bb44685289;Trey;Ogden;3.6;629
4bd6b4800070b069;Chas;Skelly;3.58;630
c7c39e2fb70248b3;Chad;Anheliger;3.58;631
ce632027bf2a871b;Dalcha;Lungiambula;3.52;632
dab8cfbb6b1db10a;Livinha;Souza;3.44;633
135d124172a0bea3;Damir;Ismagulov;3.41;634
9dedfdd91070ddd8;Victoria;Leonardo;3.4;635
2e5c2aa8e4ab9d82;Paulo;Costa;3.4;636
2c010b26a3306969;Orion;Cosce;3.4;637
19b7738321cfae42;Mallory;Martin;3.3;638
78f485f851891d68;Journey;Newson;3.13;639
9fe7af8b3fbe00a0;Preston;Parsons;3.08;640
52c2ae6d2f2d2613;Youssef;Zalal;3.06;641
a17ad5a5048e8c3f;Darren;Stewart;3.03;642
80daefbed11ce998;Alejandro;Perez;2.98;643
abd5fb12437eda21;Ramazan;Emeev;2.95;644
d2cd7a69cc55e7ed;Austin;Hubbard;2.78;645
c730a0be691dc081;Jared;Gooden;2.71;646
9e50097a89442158;Mickey;Gall;2.68;647
55fa6ce3e522c8bb;Zhalgas;Zhumagulov;2.62;648
5f6f049d54728e88;Andre;Ewell;2.54;649
79cb2a690b9ba5e8;Zarrukh;Adashev;2.47;650
f6ad6a1e4d600e0d;Mason;Jones;2.46;651
b4c6c904a9ffc5e8;Ashley;Yoder;2.37;652
016a8d958883167c;Gina;Mazany;2.21;653
297a2b35444c245b;Mandy;Bohm;2.19;654
feaf00f3373435d6;Chris;Gruetzemacher;2.17;655
2af2f2e26c4c0402;Hunter;Azure;1.92;656
f9d0cae37dabfafc;Ike;Villanueva;1.87;657
79325a3c1a5c3bf4;Andreas;Michailidis;1.86;658
ec18eb918121787c;Kazula;Vargas;1.83;659
928ae2e5b5f7a9ec;Justine;Kish;1.78;660
09e62c450e754913;Jimmy;Flick;1.75;661
1235b31de15d0c6e;Montserrat Conejo;Ruiz;1.71;662
bbc9ab95fa766493;Anderson;Dos Santos;1.66;663
a6c20202c701e5ca;Sasha;Palatnikov;1.63;664
93b62c5f2ba18e51;Gustavo;Lopez;1.57;665
f72465a784c1b084;Jessica;Eye;1.55;666
215a70f073a7b726;Jordan;Espinosa;1.54;667
82e7929bf6c2b689;Diego;Sanchez;1.53;668
d4691518d012b9e7;Aspen;Ladd;1.52;669
cd3d7e37ff2d679c;Ricky;Turcios;1.47;670
1588b787bda7b540;Tom;Breese;1.45;671
c549573c0df4d676;Maki;Pitolo;1.43;672
2f1a257d6777096d;Luigi;Vendramini;1.42;673
483a953b18d73bb3;Deron;Winn;1.4;674
ccf5dc41417e9daf;Juan;Espino;1.39;675
b60c980f79b87ce8;Bea;Malecki;1.38;676
325ad0dd9126d3df;Randy;Costa;1.36;677
4f140403000158b5;Herbert;Burns;1.33;678
a4de54ea806fb525;Ray;Borg;1.3;679
cf65d56b0755ed3b;Alan;Jouban;1.3;680
18b602842a24f7c5;Mike;Rodriguez;1.24;681
eebc23626e38f5dc;Liana;Jojua;1.06;682
37c5366d18ed6c05;Roosevelt;Roberts;1.06;683
3974fa35c917af1d;Ricardo;Lamas;1.02;684
4100c7a09497ad41;Kay;Hansen;1.0;685
8abac218746e04ca;Takashi;Sato;1.0;686
eee0ef3e2b14816b;Kai;Kamaka;0.97;687
0de720c0f1d4ab9c;Danny;Chavez;0.97;688
d008d785f6347dc2;JeongYeong;Lee;0.95;689
ae071698e1a3ccd4;Christian;Aguilera;0.94;690
f998f5c102250d6e;Yohan;Lainesse;0.9;691
9c65736747ca92ec;Leonardo;Santos;0.85;692
2844b047183a1adb;Luis;Pena;0.84;693
0641c21bec209472;Mike;Jackson;0.77;694
be68b375707dcb85;Spike;Carlyle;0.49;695
ebef46976554f975;Jordan;Griffin;0.49;696
a0e75f4a13eb73f1;Megan;Anderson;0.49;697
8be158ca1e5ea6a0;Dwight;Grant;0.46;698
c21a036b4e012f1c;John;Makdessi;0.45;699
c2a670b22d2e196f;Aleksa;Camur;0.41;700
7772b283d288dbe2;Guram;Kutateladze;0.3;701
899923ff6ab13917;Bevon;Lewis;0.27;702
06a80a685ea98573;Irwin;Rivera;0.24;703
7c9f96f9a6a5cd50;Brok;Weaver;0.09;704
b12fc8a41e82d3a2;Joby;Sanchez;0.0;705
b13da0b1a3aed3e7;Nick;Ring;0.0;706
b5b684eac99ae0a3;Chad;Mendes;0.0;707
b19fc66613dc75b9;Chris;Brennan;0.0;708
b3d21b2610dcfaeb;Emily;Whitmire;0.0;709
f5990c11974d8e9c;Mike;Pyle;0.0;710
f59f1d3a2ff13edd;Eric;Schafer;0.0;711
f59e9e49ef85b469;Jason;Young;0.0;712
d0c29452d3272603;Dan;Miller;0.0;713
b102c26727306ab6;Jussier;Formiga;0.0;714
b57edace7b647f07;Matt;Hobar;0.0;715
b60391da771deefe;Todd;Medina;0.0;716
f8dc544e7077d014;Jorge;Santiago;0.0;717
f57dd0bfa8c17813;Mark;De La Rosa;0.0;718
b59037262c8fe060;Ryan;Janes;0.0;719
f5ff7bcdcfeba3ad;Trevor;Prangley;0.0;720
f86cb5f25d545e0e;Daniel;Spitz;0.0;721
b4c96c3d9139bf0e;Patrick;Walsh;0.0;722
b406da701c479076;Ernest;Chavez;0.0;723
f77c68bb4be8516d;Yoel;Romero;0.0;724
b369533a577fa97c;Dan;Christison;0.0;725
dd12382f28296f7b;Wang;Guan;0.0;726
b361180739bed4b0;David;Abbott;0.0;727
b4537562f88ac582;Khalid;Taha;0.0;728
b45d6b73f4ca4467;Andre;Winner;0.0;729
b2e3aca4cd363477;Chris;Cariaso;0.0;730
b2acebbef8da14ea;Akihiro;Gono;0.0;731
b4bc2e3353a770b5;Ian;Freeman;0.0;732
dcbf01d605681ad1;Elizabeth;Phillips;0.0;733
b53c46f613f6f248;Brianna;Fortino;0.0;734
b2a2da86546ddb19;Buddy;Roberts;0.0;735
f797f0c57a83353e;Trevor;Smith;0.0;736
b26d3e3746fb4024;Brian;Bowles;0.0;737
f65dcb22dada2223;Josh;Sampo;0.0;738
d1152823307d7e7c;Rameau Thierry;Sokoudjou;0.0;739
d71d968dc6ecfdaf;Katsuhisa;Fujii;0.0;740
b4eeac608fc82f88;Yves;Jabouin;0.0;741
dd37fd509af89f15;Josh;Koscheck;0.0;742
f7a7f7118d4b01b6;Lyoto;Machida;0.0;743
f7d73e452b064bf2;Danny;Henry;0.0;744
b44f39a5c6596953;Pedro;Rizzo;0.0;745
d1528ac5675558b1;Rashad;Coulter;0.0;746
b0bd0c5425668b8f;Henrique;da Silva;0.0;747
a6959da32f0e6b5d;Kyle;Bradley;0.0;748
a6c2f5381d575920;Orlando;Wiet;0.0;749
fe5a9547479396ab;Jim;Alers;0.0;750
a6d8bfe9e0c8153b;Kevin;Burns;0.0;751
a6fd2173d5e2d7f0;Jason;Day;0.0;752
a20f234df70f2182;Ji Yeon;Kim;0.0;753
fe435e440b5de0ff;Jake;Shields;0.0;754
db1f2ed63b54b9a7;Hector;Lombard;0.0;755
fdbefee0827e1567;Wu;Yanan;0.0;756
fd5b6598a3b70c0a;Seth;Baczynski;0.0;757
a7b48e18ca27795d;Mark;Kerr;0.0;758
a7d687e6ecb30981;Rob;Broughton;0.0;759
fcffee71cff5530e;Forrest;Griffin;0.0;760
a7ddae0be8b78147;Jessamyn;Duke;0.0;761
dbaaf42313af90fa;Joe;Doerksen;0.0;762
a7f4d0902bb64092;James;Irvin;0.0;763
fcd448a2fe1a23cc;Gian;Villante;0.0;764
fcce75a25c14a804;Bojan;Velickovic;0.0;765
a851c35f58199231;Syuri;Kondo;0.0;766
a8aba6fd8a463043;Jess;Liaudin;0.0;767
fcaae0385b514f11;Frank;Shamrock;0.0;768
a8e6a69796280f17;Nate;Marquardt;0.0;769
a6a9ab5a824e8f66;Joel;Sutton;0.0;770
fe91d254db77a7fc;Dustin;Kimura;0.0;771
a9d6e047ce48ab63;Allen;Crowder;0.0;772
d0e50a3d1b250708;Andre;Soukhamthath;0.0;773
a2b06ca02bca14c0;Harold;Howard;0.0;774
a2b12c3f3d60ff69;Alex;Garcia;0.0;775
da1d8d76404bb6b5;Bruno;Santos;0.0;776
ffc3e6daaa6da0b7;Johnny;Bedford;0.0;777
d967f0128c323de6;Daniel;Cormier;0.0;778
ffc088e64fab57e9;Quinton;Jackson;0.0;779
a36556bb1565e32d;Joe;Proctor;0.0;780
a390eb8a9b2df298;Chuck;Liddell;0.0;781
ff6a1f63c254127e;Albert;Tumenov;0.0;782
a3be148af5c7b088;Piotr;Hallmann;0.0;783
da97d6c97d09c030;Charles;McCarthy;0.0;784
a4e85a58fbce64b2;Joe;Soto;0.0;785
ff4c3ab594c7fac3;Cristiano;Marcello;0.0;786
a54a35a670d8e852;Andre;Roberts;0.0;787
fef3d17e27e916e7;Antonio;Carvalho;0.0;788
a54fc2d6fc224dc3;Jamie;Varner;0.0;789
a56607a451e4c70d;Chris;Wilson;0.0;790
fea8acf9bfcf09ec;Simeon;Thoresen;0.0;791
a566371ba2ad7152;Josh;Thomson;0.0;792
d90b630e0561818b;Gan;McGee;0.0;793
daf1b84aebd6602b;Roger;Huerta;0.0;794
fc9a9559a05f2704;Eddie;Wineland;0.0;795
fc6e681bf6658faf;Ashlee;Evans-Smith;0.0;796
b0a6124751a56bc4;Jonathan;Brookins;0.0;797
acff437707625fc7;Yushin;Okami;0.0;798
ad047e3073a775f3;Steve;Jennum;0.0;799
fae67903c4fe636b;Antonio Braga;Neto;0.0;800
ad3f53c454cbbead;Josh;Barnett;0.0;801
ad56b3f00ca38dfd;Mark;Godbeer;0.0;802
fa8b9e6b0c2269f8;Jason;Dent;0.0;803
d74cba8566291bfa;Junie;Browning;0.0;804
aec185309b4843d0;Siyar;Bahadurzada;0.0;805
aed06011bf62237b;Dongi;Yang;0.0;806
af5b208e97f5d382;Wilson;Gouveia;0.0;807
af62f99eb7606308;Erik;Perez;0.0;808
fa37628269132d1a;Godofredo;Pepey;0.0;809
fa315e6c77eee106;Brandon;Vera;0.0;810
af90b10c785ced3e;Mike;Rio;0.0;811
d0d7160824278840;Junior;Assuncao;0.0;812
af997f7611673880;Gadzhimurad;Antigulov;0.0;813
dc950d59dc590aca;Ebenezer Fontes;Braga;0.0;814
f95381efb3051d81;Hugo;Viana;0.0;815
b0550072e5f0afa7;Yoshihiro;Akiyama;0.0;816
f923e012414c883e;Lauren;Mueller;0.0;817
f9081770e28ea2e1;Reginaldo;Vieira;0.0;818
f8fe2053d73d7bcf;Nick;Catone;0.0;819
d761b3766e38c5db;Marcel;Fortuna;0.0;820
fb1538b46877a695;Jonathan;Goulet;0.0;821
d897897060f10a3a;Rich;Franklin;0.0;822
d7adfcfdf7c6c1f8;Ian;Entwistle;0.0;823
fc60ecf0671b9489;Chris;Holdsworth;0.0;824
aa03a3ca00ac6827;Carmelo;Marrero;0.0;825
fc31f896cde2bc2e;John;Howard;0.0;826
aa1952ec0b3dd8e1;Kurt;Pellegrino;0.0;827
aa5b4eff51bdc7d1;Gilbert;Melendez;0.0;828
aa6e591c2a2cdecd;Ricardo;Abreu;0.0;829
d81ac739417d7f53;Jake;Ellenberger;0.0;830
aac5ac38148f0528;Paul;Kelly;0.0;831
aae99701b21554e4;Ryan;Jensen;0.0;832
fbf0947399d14323;Ken;Stone;0.0;833
ab850a77a0fa487d;Sean;Spencer;0.0;834
ab8900ae1f1dfd4c;Yoshiyuki;Yoshida;0.0;835
d814f5192e58fb2f;Drew;Fickett;0.0;836
dbc17725b887860a;Cezar;Ferreira;0.0;837
abbc737317f66b81;Corey;Hill;0.0;838
fbf0537e420e698e;Daniel;Teymur;0.0;839
fbbde91f7bc2d3c5;Gary;Goodridge;0.0;840
f57a8a52ca401ed9;Nick;Diaz;0.0;841
dc0f07928009a127;Rob;Emerson;0.0;842
ac29d508d78384c9;Marcelo;Golm;0.0;843
d7b2c0b53883ee80;Kyle;Watson;0.0;844
dbea8c1cb327ab3d;Igor;Araujo;0.0;845
f2c8ebbeafd45f2b;Aaron;Riley;0.0;846
b63e800c18e011b5;Tedd;Williams;0.0;847
d23ccf4a6c221284;Karlos;Vemola;0.0;848
d221ee27afc7a60e;Viscardi;Andrade;0.0;849
e93b04e308913c2e;Dooho;Choi;0.0;850
e0ec3c3b6b611f7e;Hermes;Franca;0.0;851
c75b99887c8c3f5a;Keith;Rockel;0.0;852
c76ec2bc3a57666a;Mitch;Clarke;0.0;853
e9213f53ddeca978;Dhiego;Lima;0.0;854
e8fb8e53bc2e29d6;Marcus;Bossett;0.0;855
e8efeb9cf33b1941;Cesar;Marscucci;0.0;856
c7d297714d9ab1a4;Marion;Reneau;0.0;857
e8c170a64dc920ac;Tulio;Palhares;0.0;858
c80095f6092271a7;Tim;Boetsch;0.0;859
c8097968da5e5f13;Chris;Wade;0.0;860
c8136ab8aa32c974;Kalib;Starnes;0.0;861
e86bc32f5997a8f7;Forrest;Petz;0.0;862
d2036f31c035e0d1;Jose;Torres;0.0;863
d1e7fc58d4225cdf;Danny;Castillo;0.0;864
c945adc22c2bfe8f;Brad;Pickett;0.0;865
d1e6a6536ee62517;Tyrone;Roberts;0.0;866
e76d9f656ceb82ab;Aleksandra;Albu;0.0;867
c9f6385af6df66d7;Papy;Abedi;0.0;868
e70de1859b7ee78e;Sultan;Aliev;0.0;869
e6c5908910cc26e4;Lavar;Johnson;0.0;870
ca2efc9d7d523c43;Shawn;Jordan;0.0;871
c727c7d31c50c4cf;Anthony;Hamilton;0.0;872
c6a33ff198aaaeeb;Stephan;Bonnar;0.0;873
e5ecaf884b6da2bc;Chris;Clements;0.0;874
e979c76341f19b22;Tom;Duquesnoy;0.0;875
ec664422b22d9787;Jenel;Lausa;0.0;876
c2e3e67b5911bfb7;Diego;Brandao;0.0;877
ec2d13a87d3d9541;Sheldon;Westcott;0.0;878
c32fb8c0f6471a4d;Mirko;Filipovic;0.0;879
c3c23c99477c041b;Frank;Hamaker;0.0;880
ebc1f40e00e0c481;Stefan;Struve;0.0;881
c3ded6f7155f9ea4;Alex;Da Silva;0.0;882
c3ea8deeba00462b;Pete;Spratt;0.0;883
eb29176b03dfa888;Matt;Wiman;0.0;884
eb1723480fa2f96c;Caol;Uno;0.0;885
d2c55d1d2e67773b;David;Branch;0.0;886
c482c8605455a213;Junior;Albini;0.0;887
c4af2feb4b58bc3b;Kazuki;Tokudome;0.0;888
c4b81cdecd5d6abe;Gerald;Harris;0.0;889
c4b9296214f4c09c;Jason;Von Flue;0.0;890
eaea0fc7b76525a8;Mike;Guymon;0.0;891
c4fe2e9a06ea5bcb;Ben;Alloway;0.0;892
c575ab451e3c5b1d;Mickael;Lebout;0.0;893
c5a126ace82a6025;Anthony;Birchak;0.0;894
c5af5750e8bae4f0;Kyle;Bochniak;0.0;895
e0b74df14f52cd15;Mike;Brown;0.0;896
e9ac7bfb65c25497;John;Phillips;0.0;897
c670aa48827d6be6;Dan;Severn;0.0;898
cac08b8685387ca5;James;McSweeney;0.0;899
d1e1fdcea7c8a90a;Leandro;Issa;0.0;900
f5431394fb284bb9;James;Te Huna;0.0;901
ccd1299e0345e0ce;Melvin;Guillard;0.0;902
d1a1314976c50bef;Josh;Neer;0.0;903
cd01f0b768a32475;Jonathan;Wilson;0.0;904
e4aaaa34535e32b6;Nick;Denis;0.0;905
e17ac6410c8377f4;Bartosz;Fabinski;0.0;906
d188a3b817860ec6;Steven;Siler;0.0;907
cd7763bcadb5d4c8;Alan;Patrick;0.0;908
cd7bafbeee1f29a0;War;Machine;0.0;909
e45cfa47f504033a;Jason;Gonzalez;0.0;910
ce1e867808ef5fce;Justin;Willis;0.0;911
ce6065baef021cf3;Ikuhisa;Minowa;0.0;912
ce783bf73b5131f9;Eugene;Jackson;0.0;913
cedfdf8d423d500c;Pat;Miletich;0.0;914
cf946e03ba2e7666;Kevin;Aguilar;0.0;915
cf9d24e4bd0cf2ce;Mark;Bocek;0.0;916
cfaf010d5b389c09;Mike;Wilkinson;0.0;917
cfb65863d5099327;Thales;Leites;0.0;918
e18a19001a3f7c7d;Alptekin;Ozkilic;0.0;919
e363b21261814830;Marcos;Vinicius;0.0;920
d156513a19acf856;Sam;Alvey;0.0;921
e361e5c858af6ff1;Alex;Karalexis;0.0;922
d023ae89a2a4a41e;Matthew;Riddle;0.0;923
d024ed963e8bf7ea;Damien;Brown;0.0;924
d0314416a7f26527;Michael;McDonald;0.0;925
ccdd90bd1fc7dab6;Vladimir;Matyushenko;0.0;926
cc900c6a71ed23f3;Clay;Collard;0.0;927
cb139171ed1b69fe;Kenny;Florian;0.0;928
cc900af167fbedfd;Timothy;Johnson;0.0;929
e5d03e4d966126bd;Jason;High;0.0;930
cb46dface0e28a2c;Jorge;Rivera;0.0;931
e5c9de15bb58b1c6;Evan;Dunham;0.0;932
cb52f9490c2dc069;Sean;O'Connell;0.0;933
e5bda12faabfc850;Luis;Henrique;0.0;934
e57fdbea1b828202;Jake;Hecht;0.0;935
cbd3e590a85b18c5;Mirsad;Bektic;0.0;936
cbd5d3cdd862e90e;Rory;MacDonald;0.0;937
e56daf7725a0b5ab;Justin;Edwards;0.0;938
cbd6f1abf955e628;Dave;Herman;0.0;939
cbe79765d44bd172;Alvin;Robinson;0.0;940
e14b5aa06eea9653;Abel;Trujillo;0.0;941
cbf94e4c4af4ff6d;Nate;Loughran;0.0;942
cbfd1d34356a004c;Jeff;Monson;0.0;943
e51fcd9cd84c0b93;Michel;Prazeres;0.0;944
e51ee8ded927fc51;Chris;de la Rocha;0.0;945
cc351e408bbb7d43;Brandon;Davis;0.0;946
e51e5cb722bd47a8;Patrick;Cummins;0.0;947
cc6f9d1e89f3449a;Manvel;Gamburyan;0.0;948
e50cd77732d39967;Aisling;Daly;0.0;949
cc84b68f862b466f;Eddie;Yagin;0.0;950
e5010b1b94ca5755;Paul;Felder;0.0;951
e4bde462b043d3e1;Sanae;Kikuta;0.0;952
ec71a892fada28c7;Marco;Beltran;0.0;953
c295de4e10acd4c9;Isaac;Vallie-Flagg;0.0;954
c268b2cfebccf652;John;Lineker;0.0;955
f341f9551ba744e2;Paul;Jones;0.0;956
b959e8c7fd8390d2;Kyle;Kingsbury;0.0;957
dd4c16777fb2ccf9;Heather;Clark;0.0;958
b9664eae2ac75262;Eric;Spicely;0.0;959
d50382dc0565a9e1;Viviane;Pereira;0.0;960
e25bcbcdaf6537a1;Reza;Madadi;0.0;961
b9c03e7a4557e542;Royston;Wee;0.0;962
b9d0fd83bb8a147a;Keith;Jardine;0.0;963
d4f364dd076bb0e2;Cung;Le;0.0;964
e2b8186b618b00c4;Shamar;Bailey;0.0;965
d4a31850a7457f1b;Amanda;Cooper;0.0;966
ba043b03eb799063;Phil;Harris;0.0;967
ba1e6cb3d43f7430;Justin;Ledet;0.0;968
ba280572acfba13f;Matt;Mitrione;0.0;969
baa5358456803df8;Alex;Hunter;0.0;970
f215cfbd4ba3c270;Garreth;McLellan;0.0;971
f1f9e48a0d150757;Steve;Cantwell;0.0;972
bb1a2cdad6ff34db;Jason;Knight;0.0;973
f1b2a4365799c48b;Christian;Wellisch;0.0;974
f1928a52590c5532;Curtis;Millender;0.0;975
d468288756ae3982;Renato;Sobral;0.0;976
bbfca6d5c27d9cd8;Edwin;Figueroa;0.0;977
bc3ec52ef70fc155;Ryan;Jimmo;0.0;978
f0abbb6f3444dae7;Paul;Buentello;0.0;979
f3388d2cf7ab3f64;Rob;MacDonald;0.0;980
d512d9f204059f57;Joe;Riggs;0.0;981
c24b1db4b809d41b;Renato;Verissimo;0.0;982
f34312c2ccfa0e00;Spencer;Fisher;0.0;983
d62bb4d84a7267ba;Mark;Hughes;0.0;984
d5f820c11a121050;Aaron;Simpson;0.0;985
f53c1f4ceeed8c08;Dustin;Ortiz;0.0;986
b6850671a008bf9a;Felice;Herrig;0.0;987
b69f24c500d783e7;Francimar;Barroso;0.0;988
b6c4451cb13c9303;Andy;Ogle;0.0;989
e2ccd9a9ace60de7;Aleksei;Kunchenko;0.0;990
f50d95223751e6ca;Russell;Doane;0.0;991
b6e6c3b1dcaae0a1;Will;Brooks;0.0;992
d06f8869449ba7bd;Alexander;Yakovlev;0.0;993
b71ce838b01f2cad;Rony;Jason;0.0;994
d5ed14b2153c6ed2;Semmy;Schilt;0.0;995
b72a60a0cadff408;Louis;Gaudinot;0.0;996
b76c6268dc1d3c05;Danielle;Taylor;0.0;997
b76ed59283d3559c;Tsuyoshi;Kohsaka;0.0;998
d58478ded5534695;Maiquel;Falcao;0.0;999
b7d524c77c27389b;Marcus;Davis;0.0;1000
b7f38813485745da;Michael;Kuiper;0.0;1001
f3a078277b3b8ff4;Masanori;Kanehara;0.0;1002
b7ffa72aa148599a;KJ;Noons;0.0;1003
b8592b4a383696cd;Mitch;Gagnon;0.0;1004
f348d05403fad037;Dan;Bobish;0.0;1005
b8aef0faf4ce9b31;Sam;Sicilia;0.0;1006
f046d724d2a84ac5;Desmond;Green;0.0;1007
bc7230f231701d66;Mike;Easton;0.0;1008
dd992d569aaebee6;Jesse;Taylor;0.0;1009
bd21a1e3d41c97ee;Ronny;Markes;0.0;1010
c06a9b48d4132c8e;James;Moontasri;0.0;1011
c07efc18b231f170;Jordan;Rinaldi;0.0;1012
ee779c43a8926d52;Rashad;Evans;0.0;1013
c0ab242c40decc55;Ryan;Bader;0.0;1014
de75d1c45a39e221;Sergio;Pettis;0.0;1015
ee457ef1e1c326c1;Ben;Earwood;0.0;1016
dedc3bb440d09554;Anthony;Macias;0.0;1017
c136b2a8852da5bd;Akbarh;Arreola;0.0;1018
df05aa15b2d66f57;Chris;Tuchscherer;0.0;1019
c1684f00c626f4c0;Mark;Schultz;0.0;1020
c169545ab0825f44;Geane;Herrera;0.0;1021
df2bf09c99594848;Mario;Miranda;0.0;1022
c17041f1bb5768d8;Alex;White;0.0;1023
df85d6ec3493d120;Joe;Moreira;0.0;1024
c1a5d3843596df92;Thiago;Perpetuo;0.0;1025
edd02825c29028fe;Marco Polo;Reyes;0.0;1026
dfae5da5676e4194;Chris;Dempsey;0.0;1027
ed9d8ee3a4239b1c;Sage;Northcutt;0.0;1028
ed74afc8b5b47a61;William;Macario;0.0;1029
ed209f6618c82e41;Hacran;Dias;0.0;1030
c23e3d4875340d8d;Zhang;Tiequan;0.0;1031
d2d37e8eeb3abc8d;Frank;Trigg;0.0;1032
e023fa2e648ea0f1;Steve;Bosse;0.0;1033
de62052b2ede65ba;Matt;Arroyo;0.0;1034
d403b1a6f278c95e;Vagner;Rocha;0.0;1035
c03a5022f8439f2a;Chad;Laprise;0.0;1036
bebb4ae55ac2bf6f;Chris;Fishgold;0.0;1037
effd9de9937996f8;Tyron;Woodley;0.0;1038
eff47295daf721a6;Tamdan;McCrory;0.0;1039
bda04c573563cc2e;Todd;Duffee;0.0;1040
bdcbb976816fd256;Daniel;Kelly;0.0;1041
be0b310a12eb80b4;Enrique;Barzola;0.0;1042
be5cfd73617a5b1a;Javier;Vazquez;0.0;1043
efb9a43415a56d34;Sai;Wang;0.0;1044
efaf544314bb5c2e;Ron;Waterman;0.0;1045
efa1f6b42c86793c;Adam;Wieczorek;0.0;1046
be9d259be012e8a4;Scott;Morris;0.0;1047
ef7fa30364cbe7f2;Hatsu;Hioki;0.0;1048
de3ed2e152520c8d;Cal;Worsham;0.0;1049
eef9b891edbd4604;Mark;Hunt;0.0;1050
bf0e700106d00e55;Austin;Arnett;0.0;1051
bf12aca029bfcc47;Keith;Hackney;0.0;1052
eee7dafac7d672b5;Brian;Melancon;0.0;1053
bf43fed8f29e1671;Marcin;Held;0.0;1054
eea0274e153256a0;Ian;Loveland;0.0;1055
bfc2fc38a0e20211;Matt;Grice;0.0;1056
ee9ebceabfd16fa7;Kevin;Lee;0.0;1057
d43a048a880efdff;Chris;Leben;0.0;1058
ee9d73f4fee9cbdd;Antonio Rodrigo;Nogueira;0.0;1059
a26198ba5093147e;TJ;Grant;0.0;1060
0052de90691d4a93;Davi;Ramos;0.0;1061
a20d7dfaba74c067;Rodrigo;Damm;0.0;1062
33b2f68ef95252e0;Miguel;Torres;0.0;1063
3591d0d5d382a381;Francis;Carmont;0.0;1064
353de740bb6c7e75;Mike;Russow;0.0;1065
34f88592c0ab7a54;Elias;Theodorou;0.0;1066
34e552520a934063;Brad;Scott;0.0;1067
349aaa3da11eb587;Karo;Parisyan;0.0;1068
3410cf010558dc8b;Scott;Smith;0.0;1069
33e33d51f289d2a1;Maurice;Smith;0.0;1070
33a331684283900f;Eddie;Alvarez;0.0;1071
3623bd267a2eef2e;Yaotzin;Meza;0.0;1072
330ec26453c44a59;Mike;Nickels;0.0;1073
33011768c3c4dc9a;Terry;Etim;0.0;1074
32be4b7f7de1c905;Chico;Camus;0.0;1075
32ba186f4b0e3267;Brian;Ebersole;0.0;1076
32a3025d5db456ae;Jon;Hess;0.0;1077
3236bf606fe9fa5b;Travis;Browne;0.0;1078
322a56923b396b4d;DaMarques;Johnson;0.0;1079
35faad160d346839;Mizuto;Hirota;0.0;1080
36549928f90f1d36;Jose;Quinonez;0.0;1081
28f62d866c59c709;Waylon;Lowe;0.0;1082
39cc64bf0a269db9;Niklas;Backstrom;0.0;1083
3c0437fbeda06962;George;Roop;0.0;1084
3be081c29bf734d9;Takanori;Gomi;0.0;1085
3bb2dc8e87b10a46;David;Zawada;0.0;1086
3bad7ef643840f67;Joe;Lauzon;0.0;1087
3ae10ac4df3df05c;Jesse;Lennox;0.0;1088
3a24769a4855040a;Diego;Nunes;0.0;1089
3a12a2f096a6d975;Roger;Narvaez;0.0;1090
3956bdc8ab2e54b3;John;Gunther;0.0;1091
365fee2da473b177;Anthony;Johnson;0.0;1092
394f55ebca199124;Ivan;Salaverry;0.0;1093
39330403ad27c2bb;Patrick;Williams;0.0;1094
37e03538c960bac6;Abdul-Kerim;Edilov;0.0;1095
37d5b176d438d2a5;Karl;Roberson;0.0;1096
37b1696e6d115957;Rolando;Delgado;0.0;1097
36df8e119aec6175;Sarah;Kaufman;0.0;1098
369e1ce458ef50a6;Ruslan;Magomedov;0.0;1099
32016899d0a222a3;Lee;Murray;0.0;1100
31ee470ef5dc8d7f;Thiago;Alves;0.0;1101
31d7446b184e3305;Magomed;Mustafaev;0.0;1102
2c1170b825f58e57;Guangyou;Ning;0.0;1103
2e19380f34871c6a;Dominick;Reyes;0.0;1104
2dc1bc1a02961656;Manny;Bermudez;0.0;1105
2db7fa8db6bc9632;Shane;Nelson;0.0;1106
2d447cc91bdaa545;Joachim;Christensen;0.0;1107
2c99576fefe53c7c;Renan;Barao;0.0;1108
2c64c035485906aa;Nah-Shon;Burrell;0.0;1109
2c2caf2f2bab9df5;Humberto;Bandenay;0.0;1110
2be6596a9db33bf5;Jason;MacDonald;0.0;1111
31ceaf0e670c1578;Gil;Castillo;0.0;1112
2b93ebd9f5417ad2;Michael;Bisping;0.0;1113
2b6d855c6e280fb1;Alex;Nicholson;0.0;1114
2b074403b7c6cdb4;Thomas;Almeida;0.0;1115
2ac4628c08ec5125;Markus;Perez;0.0;1116
2aa49b3766a59bcd;Jordan;Mein;0.0;1117
2a542ee8a8b83559;Tim;Sylvia;0.0;1118
2961be02cfb0d2c1;Roman;Mitichyan;0.0;1119
2e25c1d983c26311;Colton;Smith;0.0;1120
2ebfbe72ed703925;Tristan;Connelly;0.0;1121
2ee09ec2a0695eb9;Mike;van Arsdale;0.0;1122
2eeaefbfc7f9fcff;Lina;Lansberg;0.0;1123
31c01fbc2586a5eb;Dwayne;Cason;0.0;1124
31bbd39c0a075d4e;Pingyuan;Liu;0.0;1125
31a13532e724ca2b;Stevie;Ray;0.0;1126
319fa1bd3176bded;Johnny;Rhodes;0.0;1127
30ea504870f8597b;Josh;Stansbury;0.0;1128
30a09e43f15f1d75;Paulo;Thiago;0.0;1129
304fcd812f12c589;Geza;Kalman;0.0;1130
303a05a7aa3ff761;Richard;Walsh;0.0;1131
2fe9032955c2e013;Joseph;Morales;0.0;1132
2fc7e9701642ca38;Matthew;Lopez;0.0;1133
2f95a3c6d58b2aad;Iuri;Alcantara;0.0;1134
2f732dd9210d301f;Tito;Ortiz;0.0;1135
2f5cbecbbe18bac4;Shamil;Abdurakhimov;0.0;1136
2f3f12002564bb55;Steve;Bruno;0.0;1137
2efbc83a6b9b7f86;Tai;Bowden;0.0;1138
3c241737a6069b9f;Denis;Kang;0.0;1139
3c660c90d48fc80d;Tim;Kennedy;0.0;1140
3c6976f8182d9527;Alexander;Gustafsson;0.0;1141
49f4b511932f71e9;David;Michaud;0.0;1142
4bcb6eb12b4ad4aa;Vitor;Miranda;0.0;1143
4b8fb0453a596b8e;Hector;Urbina;0.0;1144
4b4753d19489297f;Anthony;Perosh;0.0;1145
4b1d46a1b5c0fd11;Alberto;Mina;0.0;1146
4ac1ecf8ce59ef23;Jason;Saggo;0.0;1147
4a1329cc8eb0928a;Maximo;Blanco;0.0;1148
4a01dc8376736ef5;John;Lewis;0.0;1149
49a74b9fb2e45fdf;Neil;Seery;0.0;1150
47b9e0e7703a4868;Jorge;Masvidal;0.0;1151
49858bf46dabf6fb;Nordine;Taleb;0.0;1152
497ba5b12a4bfc47;Jason;Brilz;0.0;1153
494b0bfdbac74502;Brendan;O'Reilly;0.0;1154
48e093ea1f43a053;Takeya;Mizugaki;0.0;1155
48d1f690b763934c;Chael;Sonnen;0.0;1156
484acc7b0f856ce9;Ben;Saunders;0.0;1157
480b702debcb5433;Dan;Cramer;0.0;1158
4c288a2b250bb576;Luke;Jumeau;0.0;1159
4c7781da8c6cae93;Ryan;LaFlare;0.0;1160
4c805f5f58a75df0;Mikey;Burnett;0.0;1161
4cd8b03aee1d0138;Shane;Young;0.0;1162
51b0bb73a1da34bc;Mike;Ciesnolevicz;0.0;1163
51a0c09cbe9b8472;Liz;Carmouche;0.0;1164
5140122c3eecd307;Daichi;Abe;0.0;1165
513c6f1715e547a8;Brock;Lesnar;0.0;1166
50cc91ce2982785d;Ricco;Rodriguez;0.0;1167
501b07aec9b8fc2d;Sam;Stout;0.0;1168
4f95f74620a6b7a4;David;Heath;0.0;1169
4f853e98886283cf;Carlo;Prater;0.0;1170
4f736494fc733095;Carlos Eduardo;Rocha;0.0;1171
4f732e58ed907eff;Ross;Pearson;0.0;1172
4f2fcbefb668689d;Jake;Rosholt;0.0;1173
4e9fb05d7e5e61b8;Wesley;Correira;0.0;1174
4e0692ad070976e4;Lyman;Good;0.0;1175
4d5197f331c47290;Paige;VanZant;0.0;1176
4d44f37107f01b9b;Tom;Lawlor;0.0;1177
47cd337b86b1af92;Zak;Ottow;0.0;1178
473ce3aa581251a2;Dan;Hardy;0.0;1179
3c921b1a30fdcbdd;Mike;Ricci;0.0;1180
3f1d23b01c552a13;Michael;Graves;0.0;1181
4130a743d9d22163;Alan;Belcher;0.0;1182
4123fd4dcc1fe937;David;Terrell;0.0;1183
40ff198adda94b9f;Mark;Eddiva;0.0;1184
40a604761ca7d64d;Din;Thomas;0.0;1185
3f7c14c7eca7195d;Roy;Nelson;0.0;1186
3f52ce18fb98008f;Akira;Corassani;0.0;1187
3f24c96753dbd9f9;Scott;Bessac;0.0;1188
3ecd936bd8814108;Cat;Zingano;0.0;1189
470fedbc8563ac47;Daniel;Omielanczuk;0.0;1190
3e61082025db8137;Yosdenis;Cedeno;0.0;1191
3e514f437c51ce0a;Steven;Graham;0.0;1192
3dd92ff9fb0412b3;Ali;Bagautinov;0.0;1193
3dc3022232b79c7a;Brian;Foster;0.0;1194
3da19339ee7051d5;Justin;Martin;0.0;1195
3d6749c4267da18f;Joanna;Jedrzejczyk;0.0;1196
3d5b1ce6097dbb49;Augusto;Mendes;0.0;1197
41f90012b86a11bf;Raphael;Pessoa;0.0;1198
427b5953ac8e3a27;Demian;Maia;0.0;1199
429e7d3725852ce9;Royce;Gracie;0.0;1200
42a7e90605df3c8a;Damian;Stasiak;0.0;1201
46d0a888d87d91ac;Abu;Azaitar;0.0;1202
46c8ec317aff28ac;Patrick;Smith;0.0;1203
46baf0f57edfa4df;Joey;Beltran;0.0;1204
46a2f24feb258ae0;Valerie;Letourneau;0.0;1205
4690d47bf725fd98;Gokhan;Saki;0.0;1206
4665f9f909cd7214;Shinsho;Anzai;0.0;1207
4638cc6479cc0afe;Masio;Fullen;0.0;1208
44bc27bfa76dcd9e;Renee;Forte;0.0;1209
449c890bd90f3374;Hector;Sandoval;0.0;1210
445a98acb8985970;Falaniko;Vitale;0.0;1211
44470bfd9483c7ad;Katsunori;Kikuno;0.0;1212
44260175069b6276;Jens;Pulver;0.0;1213
4417980b3e798abf;Reuben;Duran;0.0;1214
43563a32c3f10e95;Cyrille;Diabate;0.0;1215
4304992c2acc187b;Bart;Palaszewski;0.0;1216
2924886ee9c4c527;Thiago;Silva;0.0;1217
28f3c2258a1d8874;John;Hathaway;0.0;1218
a1f6999fe57236e0;Wanderlei;Silva;0.0;1219
0d62719b1dcf7c40;Sheymon;Moraes;0.0;1220
0ff11cc094e887bc;Cain;Velasquez;0.0;1221
0ee783aa00e468f0;Vitor;Belfort;0.0;1222
0e9869d712e81f8f;Sam;Adkins;0.0;1223
0e21976afc92e4d1;Magnus;Cedenblad;0.0;1224
0e041d43a47d2e4b;Matt;Lindland;0.0;1225
0dba4df5f34d5ff0;Rafael;Natal;0.0;1226
0d980975001ae3d8;Shamil;Gamzatov;0.0;1227
0d506315895efffc;Sean;Pierson;0.0;1228
11f8860028b68fcf;Aaron;Rosa;0.0;1229
0d0351c20169a499;Jon;Delos Reyes;0.0;1230
0cf935519d439ba6;Enson;Inoue;0.0;1231
0ccab7c889ede9ea;Fredy;Serrano;0.0;1232
0c9c0a43d3f3f49d;Marcelo;Guimaraes;0.0;1233
0c5c66ddd1886b83;Caio;Magalhaes;0.0;1234
0b64d0fed453ef7f;Scott;Jorgensen;0.0;1235
0b31f87be71ebbb1;Ben;Askren;0.0;1236
103b06d8707895a9;Emil;Meek;0.0;1237
12f1b140e248bdb9;Jerrod;Sanders;0.0;1238
282fa667ff9c51ed;Cole;Miller;0.0;1239
165c244bcca3ed26;Seo Hee;Ham;0.0;1240
18aecaf50f52e4c3;Phillip;Miller;0.0;1241
18968f97ad34f15c;Jeremy;Stephens;0.0;1242
18524b46c570730b;Mark;Hall;0.0;1243
182f2b78582de3d8;Marcus;LeVesseur;0.0;1244
179f1948dc234f1f;Mark;Munoz;0.0;1245
173acb3f920082b8;Roland;Delorme;0.0;1246
172c2135e70f87b7;Luke;Barnatt;0.0;1247
1652f3213655b935;Phil;Baroni;0.0;1248
132f860d02953f4c;Goran;Reljic;0.0;1249
15ec018d144710db;Nathan;Coy;0.0;1250
15b1b21cd743d652;Rafaello;Oliveira;0.0;1251
159da492e000afbf;Leandro;Silva;0.0;1252
14ff46596ad80609;Norman;Parke;0.0;1253
13e62d766b709aa6;Steve;Nelmark;0.0;1254
13c4313ed0f744f3;Brad;Kohler;0.0;1255
13b2f59210dda9cc;Kevin;Jackson;0.0;1256
0aa92558424ced9e;Randy;Couture;0.0;1257
0a97691039c4bbfb;Mark;Hominick;0.0;1258
09f579be4520394a;Diego;Rivas;0.0;1259
029880cdbf5ca089;Sean;Sherk;0.0;1260
04643fd03d9159cc;Marcus;Aurelio;0.0;1261
045f25b3a4c08e81;Jack;Marshman;0.0;1262
03f982ca3735070c;Walt;Harris;0.0;1263
03c9994c5b8958ec;John;Cholish;0.0;1264
03688dc3c3af3ac1;Bas;Rutten;0.0;1265
0359313549d230a1;Pete;Sell;0.0;1266
02f2a9702ba3d167;Artem;Lobov;0.0;1267
025f0b1b58fbad01;Darko;Stosic;0.0;1268
0941df56f6ac954b;Johny;Hendricks;0.0;1269
01fcef7e3d051722;Henry;Briones;0.0;1270
01b39decaf0abf6a;Benji;Radach;0.0;1271
01784fbc27c68b14;Rachael;Ostovich;0.0;1272
010986ee359fb863;John;Salter;0.0;1273
00e11b5c8b7bfeeb;Luke;Rockhold;0.0;1274
00debc804e2b1cd4;Dylan;Andrews;0.0;1275
00a3ff40c4b2cf21;Glaico;Franca Moreira;0.0;1276
04b39f4e8eb59d7c;Oluwale;Bamgbose;0.0;1277
04c15b52c3cc1cab;Nate;Mohr;0.0;1278
04d5718ed2661e8c;Jorge;Gurgel;0.0;1279
0541480fbf719d86;Houston;Alexander;0.0;1280
08e908ed6d18d6a0;Myles;Jury;0.0;1281
08ae5cd9aef7ddd3;Kimo;Leopoldo;0.0;1282
08a7080ff5904661;Rafael;Carino;0.0;1283
07a2bdaa0afdd831;Rogerio;Bontorin;0.0;1284
07a18ae55dfc3cd9;Paul;Varelans;0.0;1285
0749d968e932df53;Tarec;Saffiedine;0.0;1286
072a10e85f7d4bff;Milana;Dudieva;0.0;1287
06f0ffa6446c5b6d;Branden Lee;Hinkle;0.0;1288
06827d70c53ff0d9;Scott;Askham;0.0;1289
065eb44700e641a4;Devin;Powell;0.0;1290
05b43e0ead3df345;Kailin;Curran;0.0;1291
058e4e08a1ad8aba;Dale;Hartt;0.0;1292
05866d8c3a321856;Marvin;Eastman;0.0;1293
05560764359161e4;Constantinos;Philippou;0.0;1294
054defd5420a551f;Rob;Kimmons;0.0;1295
18e8b7070228e728;Darrell;Horcher;0.0;1296
1971869b7e054261;Mike;de la Torre;0.0;1297
198994b47f395af0;Carlo;Pedersoli Jr.;0.0;1298
22edaf53ad59a967;Daniel;Roberts;0.0;1299
23725c826c481e7f;Paul;Daley;0.0;1300
236a37d96d476164;Mike;Pierce;0.0;1301
234f3767ff0e5701;Kendall;Grove;0.0;1302
23459ee7e373b98f;Jared;Hamman;0.0;1303
232c582f29f8f65e;Gegard;Mousasi;0.0;1304
231cae8b77fbbcc1;Khalid;Murtazaliev;0.0;1305
231926533134ec1f;Justin;Buchholz;0.0;1306
22e47b53e4ceb27c;David;Loiseau;0.0;1307
20bcc9966affb19c;Jake;O'Brien;0.0;1308
22aa91e402d0fe1f;Ramsey;Nijem;0.0;1309
22a92d7f62195791;Tony;Ferguson;0.0;1310
2284092f8b63273b;Luke;Zachrich;0.0;1311
2244d9a2b64b8c3b;Hannah;Cifers;0.0;1312
21b8a0f5c231096f;Mark;Coleman;0.0;1313
219a254e15d60135;Tim;Hague;0.0;1314
210935fd21670f6d;Rich;Attonito;0.0;1315
23a16ebe733e3041;Rory;Markham;0.0;1316
242d36d241b43c12;Kron;Gracie;0.0;1317
24b033b3daf1c9df;Luiz;Cane;0.0;1318
2525a853486ee670;Sirwan;Kakai;0.0;1319
2816ced060a21be3;Nick;Hein;0.0;1320
27fc9218a3653e3c;Justin;Eilers;0.0;1321
275cafc9de131c83;Dave;Menne;0.0;1322
27541033b97c076d;Kevin;Ferguson;0.0;1323
2747c60e42d9d75f;David;Teymur;0.0;1324
2721bb808bb2523c;Curt;Warburton;0.0;1325
271fe91f4ba9d2c5;Don;Frye;0.0;1326
270b89c00ef0c55c;Gabriel;Gonzaga;0.0;1327
26b63bc5c0c1f65d;Alex;Chambers;0.0;1328
2676b28836a5a836;Benson;Henderson;0.0;1329
2650e2f846a30f64;Amir;Sadollah;0.0;1330
263ebd4a669e1e98;Fabiano;Iha;0.0;1331
2620f3eb21c79614;Scott;Adams;0.0;1332
25af5e832f17b474;Jesus;Pinedo;0.0;1333
253de74457bd6374;Tony;Fryklund;0.0;1334
20ec0061400178ca;Roberto;Traven;0.0;1335
20999e27ddd94bda;Ryan;Benoit;0.0;1336
199eb7cf6ae90294;Naoki;Inoue;0.0;1337
1c3f5e85b59ec710;Brian;Johnston;0.0;1338
1dab0d1d81dd06db;Tra;Telligman;0.0;1339
1d4bbaabd8b60173;Stanislav;Nedkov;0.0;1340
1d147d4163a6989b;Nick;Sanzo;0.0;1341
1d00756835ca67c9;Donald;Cerrone;0.0;1342
1cf7ccf64a5bf24e;Oskar;Piechota;0.0;1343
1ccf4e7caff270df;Dan;Henderson;0.0;1344
1c86754617d9813a;Roan;Carneiro;0.0;1345
1c2f2571b18791b6;Laverne;Clark;0.0;1346
203c957eac95dd87;Hyun Gyu;Lim;0.0;1347
1c061eb6e29eaa0a;Bob;Cook;0.0;1348
1bcaac2d99b90fce;Sergio;Moraes;0.0;1349
1b38a2b897f6209c;Felipe;Silva;0.0;1350
1a7745388839e52b;John;Maguire;0.0;1351
19ffeb5e3fffd6d5;Joe;Charles;0.0;1352
19db7ac26308178f;Ivan;Jorge;0.0;1353
19a8cce18a1cef9e;James;Head;0.0;1354
1dafccb62a0f98ec;Robert;Whiteford;0.0;1355
1dc56b59cb28425d;Oleg;Taktarov;0.0;1356
1ddb480b601cefb1;Chance;Rencountre;0.0;1357
1de9ad94de18eeaf;Nicco;Montano;0.0;1358
202b0467521c9d6f;Viktor;Pesta;0.0;1359
20205040232ed0f3;Tyson;Griffin;0.0;1360
1ff9589f9065a9ed;Frank;Mir;0.0;1361
1fe7adb23b3eedfb;Yuki;Kondo;0.0;1362
1fd4fbdcc67de844;Drew;McFedries;0.0;1363
1fcfc3709fe58151;Peter;Sobotta;0.0;1364
1fb80f46d3c105d9;Fabio;Maldonado;0.0;1365
1f4b04a926ef1287;Johnny;Case;0.0;1366
1f454354805b6f75;Anderson;Silva;0.0;1367
1eff7bc0f815b270;Yorgan;De Castro;0.0;1368
1efa064872f089d0;David;Bielkheden;0.0;1369
1eacf73d6a0055dc;Cheick;Kongo;0.0;1370
1e7483dbff40b84b;Vik;Grujic;0.0;1371
1e327b281ef6a745;Adlan;Amagov;0.0;1372
1e1dbd1cc5a7469e;Jimi;Manuwa;0.0;1373
51b1e2fd9872005b;Mackens;Semerzier;0.0;1374
51e86de150ee8be6;Thibault;Gouti;0.0;1375
523f6ad11dbe9b53;Hans;Stringer;0.0;1376
88a9bc81271ccd89;Vinny;Magalhaes;0.0;1377
8a304bfd6bf04a57;Demetrious;Johnson;0.0;1378
89b8d1bf1ff09d1d;Tim;Credeur;0.0;1379
89a407032911e27e;Brendan;Schaub;0.0;1380
896c322f56b8be5a;George;Sotiropoulos;0.0;1381
893d51aaf024eddd;Jimy;Hettes;0.0;1382
88d7b6d8230e1f3f;Saparbeg;Safarov;0.0;1383
88cd34d836b4ebcd;Teruto;Ishihara;0.0;1384
882d62561063a927;Jamie;Moyle;0.0;1385
8a59d346dc976a10;Thiago;Tavares;0.0;1386
87f19d19f4cb73f8;Bibulatov;Magomed;0.0;1387
87aa9fb63d6b51a1;Zabit;Magomedsharipov;0.0;1388
879f6cae48d25baa;Justin;Lawrence;0.0;1389
86f582852a5b240a;Mac;Danzig;0.0;1390
86dfed7cc24a9fa7;Matt;Serra;0.0;1391
85ff1b9471d35238;Dmitry;Sosnovskiy;0.0;1392
85d905f7c4f5a1af;Murilo;Bustamante;0.0;1393
8a56ea383fd26e52;Galore;Bofando;0.0;1394
8a70ceb3edbe757b;Andrew;Craig;0.0;1395
528c24b99fbaab79;Johnny;Eduardo;0.0;1396
8cad40a75e5c97f5;Eddie;Gordon;0.0;1397
8e5bfd4e82352340;Pablo;Garza;0.0;1398
8ddf9c51c5fdea75;Rousimar;Palhares;0.0;1399
8d9586726252dbf7;Kevin;Casey;0.0;1400
8d26912cd2aeb366;Jeremy;Horn;0.0;1401
8ce87f7e3a9baed2;Tiago;dos Santos e Silva;0.0;1402
8cb78f3a6c2a08f7;Leah;Letson;0.0;1403
8cb76103cd8a1562;Nick;Pace;0.0;1404
8c8c92a12621d7e0;Chris;Cope;0.0;1405
8a8a84b743ae7699;Dennis;Hallman;0.0;1406
8bdac25ce0bb874d;Ronda;Rousey;0.0;1407
8bbc0cfc01bc1ba1;Leonardo;Mafra;0.0;1408
8bb6f4479685bbcc;Vaughan;Lee;0.0;1409
8b69839f3555a67b;Martin;Kampmann;0.0;1410
8b5f9ea38184ded3;Nicholas;Musoke;0.0;1411
8abf70f79e9e27c2;Tor;Troeng;0.0;1412
8a9c6c4301f6d088;Danny;Martinez;0.0;1413
852454c572675334;James;Wilks;0.0;1414
84ac950d4c1722dd;Duane;Ludwig;0.0;1415
84a067c46306a737;Sam;Hoger;0.0;1416
7cdd3e5d3aa9cb39;Yan;Cabral;0.0;1417
7e69a4b0961aa555;Brad;Blackburn;0.0;1418
7e511f8d842a109d;Arjan;Bhullar;0.0;1419
7e47047d0971d566;Daniel;Sarafian;0.0;1420
7dcf06c1967801c1;Adriano;Martins;0.0;1421
7d96bc577e5178b2;Gray;Maynard;0.0;1422
7d3caf0f96f1b33d;Nick;Thompson;0.0;1423
7d21de9c6d7c98b2;Rich;Clementi;0.0;1424
7c6e87729e824ef4;Ildemar;Alcantara;0.0;1425
840d2c82ea68b9aa;Ben;Nguyen;0.0;1426
7c3c48cf54a2848e;Yuta;Sasaki;0.0;1427
7c35f869033901ae;Riki;Fukuda;0.0;1428
7be63795363029e8;Cody;McKenzie;0.0;1429
7bde387d50829adf;Eduardo;Garagorri;0.0;1430
7bd94b60d7521e4a;John;Albert;0.0;1431
7bc96507e4b38d3b;Cody;Donovan;0.0;1432
7b6e40a73b567072;Shonie;Carter;0.0;1433
7ea1f74cef32f906;Rashid;Magomedov;0.0;1434
7ea4a9f07df33a45;Francisco;Rivera;0.0;1435
7f0b4a75ef3039a3;Eddie;Sanchez;0.0;1436
7f955f71fa2ce7ac;Alessio;Sakara;0.0;1437
83fd97284f4bb4a4;Efrain;Escudero;0.0;1438
83b00f7597e5ac83;Juan;Adams;0.0;1439
83a477a7dba1ca58;Clay;Harvison;0.0;1440
8349d55cdecd393a;Antonio;Silva;0.0;1441
82cbb809d5ee565c;Mara;Romero Borella;0.0;1442
81d9df19e255b8b6;Jarred;Brooks;0.0;1443
008dc37cca279def;Sean;McCorkle;0.0;1444
817e0bdf08efce2e;Elvis;Sinosic;0.0;1445
8163cd7de0342652;Erick;Montano;0.0;1446
813550bc53b15fb0;Yancy;Medeiros;0.0;1447
80eacd4da0617c57;Joseph;Benavidez;0.0;1448
80e6d71e14c1d356;Joe;Slick;0.0;1449
80dbeb1dd5b53e64;Nam;Phan;0.0;1450
80d918336163b80c;Tatsuya;Kawajiri;0.0;1451
80779d7441af1b52;Christian;Morecraft;0.0;1452
8e8e4487c621aa1c;Joe;Ellenberger;0.0;1453
8f0d576beba1cfcd;Matt;Dwyer;0.0;1454
8f2939f5fd9cca1e;TJ;Waldburger;0.0;1455
9b7694d064a8a0ad;Rustam;Khabilov;0.0;1456
9ccf8371fd80d45d;Luan;Chagas;0.0;1457
9ccdd2ce45903f34;Mark;Weir;0.0;1458
9c669abd35b2522f;Greg;Soto;0.0;1459
9c44f290f5726d95;Martin;Bravo;0.0;1460
9be6020024133293;Cyril;Asker;0.0;1461
9bcf8603ceb25680;Dong Hyun;Kim;0.0;1462
9ba2226646046b63;Frankie;Saenz;0.0;1463
9b74de674c355425;Paul;Taylor;0.0;1464
98b80a717b9bda17;Matt;Hamill;0.0;1465
9b5b5a75523728f3;Kazushi;Sakuraba;0.0;1466
9b198c73e3d0d289;Justin;Salas;0.0;1467
9a2d3567abc02e34;Tae Hyun;Bang;0.0;1468
99dd0147dc4ef80c;Genki;Sudo;0.0;1469
99c7610aa74995d3;Cathal;Pendred;0.0;1470
99bd87a300079ed9;Erik;Koch;0.0;1471
99bcdf5eac39898f;Jordan;Johnson;0.0;1472
9ce6d5a03af801b7;Darren;Till;0.0;1473
9cfbfae5fa1fdd93;Geraldo;de Freitas;0.0;1474
9d4522df6fc49a47;Kuniyoshi;Hironaka;0.0;1475
9deff9e3e8d94d47;Josh;Samman;0.0;1476
a149d6bc670cdb60;Dustin;Hazelett;0.0;1477
a12a8314adc1c1c9;Laureano;Staropoli;0.0;1478
a0c64f272b65d441;Eric;Shelton;0.0;1479
a0c139b34f11421a;John;Gunderson;0.0;1480
a08d909a5be6f410;Eliot;Marshall;0.0;1481
a01e84abefd85ec0;Pascal;Krauss;0.0;1482
a00ec21cfbba17b6;Yui Chul;Nam;0.0;1483
9fe85152f351e737;Mike;Swick;0.0;1484
9fd1f08dd4aec14a;Dave;Beneteau;0.0;1485
9fa568ad2bf2cb0b;Justin;Scoggins;0.0;1486
9fa3bd637edd9aa2;Patrick;Cote;0.0;1487
9f842be1a5337be6;Michihiro;Omigawa;0.0;1488
9f755fb04cc21499;Noad;Lahat;0.0;1489
9f488f520ed25bbf;Kenichi;Yamamoto;0.0;1490
9f1641c08cf8fbe2;Shannon;Gugerty;0.0;1491
98f6da59d765ec94;Charlie;Brenneman;0.0;1492
98aa60cf58071fd6;Kyoji;Horiguchi;0.0;1493
8f2d9ee27f206f1f;Evan;Tanner;0.0;1494
911fb265462f0d94;Travis;Fulton;0.0;1495
92aafa8f4b26269b;Walel;Watson;0.0;1496
92437c6775b3f7d1;John;Moraga;0.0;1497
91ea901c458e95dd;Jared;Rosholt;0.0;1498
91acd6910b802a9e;Chris;Lytle;0.0;1499
918d9d89d4d52acc;Anthony;Torres;0.0;1500
917e53fa0adea0d3;Leonard;Garcia;0.0;1501
917a5cb9821df261;Jeremy;Kimball;0.0;1502
91186547a7f3f758;Ricardo;Almeida;0.0;1503
98a6b2361045898f;Dong Hyun;Ma;0.0;1504
907e60fd13407e1e;Bec;Rawlings;0.0;1505
902ab9197b83d0db;Phil;Davis;0.0;1506
8fc9ae9c7527dfcb;Callan;Potter;0.0;1507
8f5c8850b2484173;Mairbek;Taisumov;0.0;1508
8f4eeaf7a0df7c1a;Teemu;Packalen;0.0;1509
8f3df4c579cfbb69;David;Mitchell;0.0;1510
8f382b3baa954d2a;Jessica;Aguilar;0.0;1511
92b62174c175ce19;Clint;Hester;0.0;1512
9310418684bc896f;Pawel;Pawlak;0.0;1513
93892752c5fc23ca;Jerry;Bohlander;0.0;1514
938ad489fb7a1f31;Levan;Makashvili;0.0;1515
980b4e712489098e;Dave;Strasser;0.0;1516
97a8f39186f489db;Jeff;Hougland;0.0;1517
97a6bbe6e6566a94;Francisco;Trevino;0.0;1518
977081bc01197656;Scott;Ferrozzo;0.0;1519
96d173b7f92aa520;Onassis;Parungao;0.0;1520
96c336b463e0662c;Frankie;Perez;0.0;1521
96428b9e9bd048ea;Luke;Sanders;0.0;1522
960d6cae8879ba2b;Robert;Peralta;0.0;1523
95eb112a85601a0a;Jutaro;Nakao;0.0;1524
9583662df31d943f;Luigi;Fioravanti;0.0;1525
952f6fa06f25a0ec;Carlos;Newton;0.0;1526
946f341df6472ee0;Guy;Mezger;0.0;1527
94508d80e1f885fc;Augusto;Montano;0.0;1528
9450848a71d53776;Lorenz;Larkin;0.0;1529
93ce4ac89e3d7652;Luke;Cummo;0.0;1530
7b310409440c9102;Zhang;Lipeng;0.0;1531
7b143a54451263d9;Paul;Sass;0.0;1532
7abe471b61725980;Fabricio;Camoes;0.0;1533
5cafbc97dba2e797;Robert;McDaniel;0.0;1534
5f2f0da6fd6a84fd;Andrei;Semenov;0.0;1535
5f04e3d58d9ce982;Yves;Edwards;0.0;1536
5ef0088c1b19beeb;Bryan;Caraway;0.0;1537
5eedbf1e9601be35;Brock;Larson;0.0;1538
5ea918ea81b7dee2;Yao;Zhikui;0.0;1539
5e4eec08896c9423;Corey;Anderson;0.0;1540
5d7bdab5e03e3216;CB;Dollaway;0.0;1541
5c1ca0c72b599a3c;Rafael;Cavalcante;0.0;1542
5abf827d62f98fee;Clifford;Starks;0.0;1543
5c126c6aac3ef364;Poliana;Botelho;0.0;1544
5be86bb2f78fef2f;Jason;Lambert;0.0;1545
5b8ba8f5512893b1;Matt;Sayles;0.0;1546
5b5307450405abf0;Rick;Story;0.0;1547
5b407acfe0ef9b76;Nick;Osipczak;0.0;1548
5b2d7906aa894274;Mike;Massenzio;0.0;1549
5b2325cd70dbe2ea;Talita;Bernardo;0.0;1550
5f87a5c00b3d17ed;Dennis;Siver;0.0;1551
5f99b2bafb10305f;Daron;Cruickshank;0.0;1552
5fceb45939fc0c8a;Tom;Niinimaki;0.0;1553
60029bcf496bd707;Soa;Palelei;0.0;1554
64788ee44b062ded;Michinori;Tanaka;0.0;1555
64360e618823a8e4;Phillipe;Nover;0.0;1556
6420efac0578988b;Yoshiki;Takahashi;0.0;1557
63eedfcc73071d41;Lance;Gibson;0.0;1558
63def5a5662a6917;Junior;Dos Santos;0.0;1559
63b65af1c5cb02cb;Ken;Shamrock;0.0;1560
638cfec7ec559d6e;Brandon;Thatch;0.0;1561
634bb0de2eb043b4;Cristiane;Justino;0.0;1562
633a45d131192ffe;Kajan;Johnson;0.0;1563
6291ac0a3726732f;Pete;Williams;0.0;1564
62918a2118de08b2;Tom;Murphy;0.0;1565
6256b2b1562cb8e1;James;Vick;0.0;1566
622f015c81a9b13a;Travis;Lutter;0.0;1567
621a6c59f88a44fe;Matt;Hughes;0.0;1568
60884f31ead1609c;Jonathan;Wiezorek;0.0;1569
5aedf14771ca82d2;Wilson;Reis;0.0;1570
597db668b01c442c;Marco;Ruas;0.0;1571
6546af7ab545b90c;Darren;Uyenoyama;0.0;1572
5431dccc09118234;Lance;Benoist;0.0;1573
55ee431411ccf07a;Olivier;Aubin-Mercier;0.0;1574
55ed59d541f8b90c;Rolando;Dy;0.0;1575
55a7b2d4e54ffac9;Ryo;Chonan;0.0;1576
546f8599a63c29da;Robert;Sanchez;0.0;1577
546015aa2ad945fd;Rory;Singer;0.0;1578
54578e5927adea53;Richie;Vaculik;0.0;1579
544d7460b3e44393;Albert;Morales;0.0;1580
53ec9cb470e1a4ea;Jon;Tuck;0.0;1581
59583ff832fe9d68;Krzysztof;Soszynski;0.0;1582
53e533db1b8e9712;Jack;Nilson;0.0;1583
539ed332b3078821;Sarah;Moras;0.0;1584
5331b25a60417ffb;Anthony Rocco;Martin;0.0;1585
53278852bcd91e11;Igor;Pokrajac;0.0;1586
52e76bb4b3e852f3;Antonio;Carlos Junior;0.0;1587
52cae54377b433b7;Nate;Quarry;0.0;1588
52ba464d9068d871;Elias;Silverio;0.0;1589
55f446032177b119;Chris;Beal;0.0;1590
55f80a8aeffcdb33;Dustin;Pague;0.0;1591
56116a79e4deed06;Claude;Patrick;0.0;1592
56709e66f1c6008f;Cole;Smith;0.0;1593
59279a7c978f7da0;Al;Iaquinta;0.0;1594
5904b0b38dc6718d;Cody;Pfister;0.0;1595
58bc81376286b3d3;Per;Eklund;0.0;1596
5898357a45a73674;Sione;Latu;0.0;1597
5866fc86183a9fb8;Erick;Silva;0.0;1598
5823ceab56741617;Jonathan;Meunier;0.0;1599
57bf89d42364d39e;Issei;Tamura;0.0;1600
57bad6a84230f0c9;Tony;Sims;0.0;1601
57ab4d7c0bc09a30;Zach;Makovsky;0.0;1602
579fcdfcabd23a7b;Brian;Stann;0.0;1603
5755960ebd0b16f6;Ivan;Menjivar;0.0;1604
5731cc327790b731;Matt;Veach;0.0;1605
56fcb2c4d99f9d1b;Mike;Grundy;0.0;1606
56c9acc4e86046a2;Chris;Kelades;0.0;1607
56b8b24f65f9f057;Mike;Kyle;0.0;1608
6506c1d34da9c013;Georges;St-Pierre;0.0;1609
654ae722109a0d31;Joe;Duffy;0.0;1610
7a703c565ccaa18f;Jacare;Souza;0.0;1611
72ffecf712673af1;Adam;Milstead;0.0;1612
749685d24e2cac50;Remco;Pardoel;0.0;1613
7450525c7ba032a0;Heath;Herring;0.0;1614
744e098e065cfdbe;Ricardo;Romero;0.0;1615
7413b80dbb0f8f9f;Lucas;Martins;0.0;1616
73e09f837f3b5ecc;Rogerio;Nogueira;0.0;1617
73c7cfa551289285;BJ;Penn;0.0;1618
7339d340aa2889cb;Kyle;Noke;0.0;1619
7279654c7674cd24;Klidson;Abreu;0.0;1620
6f7c616b98e18c29;Claudio;Silva;0.0;1621
725a834930c2b5bf;Troy;Mandaloniz;0.0;1622
71df36d6d8cf0d74;Kiichi;Kunimoto;0.0;1623
71002dbc1743b9a7;Felipe;Arantes;0.0;1624
706f8e2b34e8e18b;Anton;Kuivanen;0.0;1625
701e057d63c124d9;Ian;McCall;0.0;1626
700a674c042b7a96;Cody;Gibson;0.0;1627
6fb1ba67bef41b37;Nik;Lentz;0.0;1628
74d35fbc9c6a61bd;Alvaro;Herrera Mendoza;0.0;1629
7559395ad833c074;Miranda;Granger;0.0;1630
75a6a390fd5dca46;Juliana;Lima;0.0;1631
75e0d3cc2262b732;Shane;Roller;0.0;1632
7a39bbac8cc0fa70;Gasan;Umalatov;0.0;1633
7a359ef685a304a7;Amaury;Bitetti;0.0;1634
79899ecf62020f6d;Joe;Stevenson;0.0;1635
784285b7ae7dd85f;Shane;Campbell;0.0;1636
78114b7199cef90c;Urijah;Faber;0.0;1637
777dea713da2441d;Valmir;Lazaro;0.0;1638
776a58a67665a171;Nad;Narimani;0.0;1639
773f7feacf96153e;Benito;Lopez;0.0;1640
76ee3d666c648f6b;Charles;Byrd;0.0;1641
76984112f697631f;Leslie;Smith;0.0;1642
7691a80e6ca3e55b;Jon;Madsen;0.0;1643
76729a829623e266;Henry;Martinez;0.0;1644
764342d39cdaa54a;Frank;Camacho;0.0;1645
75f871836d41f90f;Justin;McCully;0.0;1646
75e5fec9f72910ef;Gleison;Tibau;0.0;1647
6f81b6de2557739a;Jacob;Volkmann;0.0;1648
6f242453c91a5af0;Dennis;Bermudez;0.0;1649
658c3465581ae46b;Pat;Barry;0.0;1650
6859f67468ba8489;Kevin;Randleman;0.0;1651
69e8c632135af48b;Anying;Wang;0.0;1652
69b69c0178c4004d;Antoni;Hardonk;0.0;1653
68f6e96c5fa6e044;Jeremy;Kennedy;0.0;1654
68dd7b3783c19f9c;Shane;Carwin;0.0;1655
68c7ad953455c73f;Don;Madge;0.0;1656
68c6cd5287b473a7;Dean;Lister;0.0;1657
68c11c27d4d56572;Dominique;Steele;0.0;1658
6809c31286b08d97;Tom;Watson;0.0;1659
6f018c039b4d5d80;Jon;Fitch;0.0;1660
67f272324a030d00;Misha;Cirkunov;0.0;1661
679a9054e2815943;Tomasz;Drwal;0.0;1662
6776260cb0aef647;Logan;Clark;0.0;1663
673ea7dcc786b1b3;Bethe;Correia;0.0;1664
672ef06fd9f41f7d;Marcelo;Mello;0.0;1665
66ab58d0b3783607;Andrew;Holbrook;0.0;1666
65ddc8a9ac4e8531;Keita;Nakamura;0.0;1667
69f01b25dfabaf6b;Mads;Burnell;0.0;1668
6a92caba39b64752;Terry;Martin;0.0;1669
6a96ad1bc34fb113;Ismail;Naurdiev;0.0;1670
6aa1cbc1466e9a0b;Marcio;Cruz;0.0;1671
6ef65b6a152e49d5;Philip;De Fries;0.0;1672
6eaec40f724852f4;Jessin;Ayari;0.0;1673
6e7c758f5cdec01a;Paddy;Holohan;0.0;1674
6e7506127408aa9e;Nadia;Kassem;0.0;1675
6e0273f9478be71e;Kenny;Robertson;0.0;1676
6ded9184b2284645;Willie;Gates;0.0;1677
6dd758d34da8d254;Ron;Stallings;0.0;1678
6da99156486ed6c2;Joshua;Burkman;0.0;1679
6ceff86fae4f6b3b;Jason;DeLucia;0.0;1680
6cadfd8f1d9e7685;Che;Mills;0.0;1681
6c7e25571490aa3b;George;Sullivan;0.0;1682
6c7020b859c7a3ce;Edimilson;Souza;0.0;1683
6c2030e0a143a94b;Chris;Camozzi;0.0;1684
6bf5a7d3e081ade2;Anthony;Njokuani;0.0;1685
6ad9058b7c7898b0;Tony;DeSouza;0.0;1686
81801f57bd0a7c41;Marcus;Brimage;0.0;1687
